,id,date,home_team_id,away_team_id,season_type,season
0,22301188,2024-04-14,,1610612737.0,Regular Season,2023-24
1,22301178,2024-04-12,,1610612737.0,Regular Season,2023-24
2,22301159,2024-04-10,1610612737.0,,Regular Season,2023-24
3,22301147,2024-04-09,1610612737.0,,Regular Season,2023-24
4,22301130,2024-04-06,,1610612737.0,Regular Season,2023-24
5,22301124,2024-04-04,,1610612737.0,Regular Season,2023-24
6,22301104,2024-04-03,1610612737.0,,Regular Season,2023-24
7,22301091,2024-04-01,,1610612737.0,Regular Season,2023-24
8,22301076,2024-03-30,1610612737.0,,Regular Season,2023-24
9,22301060,2024-03-28,1610612737.0,,Regular Season,2023-24
10,22301051,2024-03-27,1610612737.0,,Regular Season,2023-24
11,22301034,2024-03-25,1610612737.0,,Regular Season,2023-24
12,22301021,2024-03-23,1610612737.0,,Regular Season,2023-24
13,22301010,2024-03-21,,1610612737.0,Regular Season,2023-24
14,22300990,2024-03-18,,1610612737.0,Regular Season,2023-24
15,22300982,2024-03-17,,1610612737.0,Regular Season,2023-24
16,22300966,2024-03-15,,1610612737.0,Regular Season,2023-24
17,22300953,2024-03-13,,1610612737.0,Regular Season,2023-24
18,22300925,2024-03-10,1610612737.0,,Regular Season,2023-24
19,22300913,2024-03-08,,1610612737.0,Regular Season,2023-24
20,22300895,2024-03-06,1610612737.0,,Regular Season,2023-24
21,22300889,2024-03-05,,1610612737.0,Regular Season,2023-24
22,22300866,2024-03-02,,1610612737.0,Regular Season,2023-24
23,22300851,2024-02-29,,1610612737.0,Regular Season,2023-24
24,22300835,2024-02-27,1610612737.0,,Regular Season,2023-24
25,22300821,2024-02-25,1610612737.0,,Regular Season,2023-24
26,22300804,2024-02-23,1610612737.0,,Regular Season,2023-24
27,22300777,2024-02-14,,1610612737.0,Regular Season,2023-24
28,22300763,2024-02-12,1610612737.0,,Regular Season,2023-24
29,22300754,2024-02-10,1610612737.0,,Regular Season,2023-24
30,22300742,2024-02-09,,1610612737.0,Regular Season,2023-24
31,22300729,2024-02-07,,1610612737.0,Regular Season,2023-24
32,22300716,2024-02-05,1610612737.0,,Regular Season,2023-24
33,22300699,2024-02-03,1610612737.0,,Regular Season,2023-24
34,22300690,2024-02-02,1610612737.0,,Regular Season,2023-24
35,22300669,2024-01-30,1610612737.0,,Regular Season,2023-24
36,22300653,2024-01-28,1610612737.0,,Regular Season,2023-24
37,22300634,2024-01-26,1610612737.0,,Regular Season,2023-24
38,22300626,2024-01-24,,1610612737.0,Regular Season,2023-24
39,22300613,2024-01-22,,1610612737.0,Regular Season,2023-24
40,22300595,2024-01-20,1610612737.0,,Regular Season,2023-24
41,22300587,2024-01-19,,1610612737.0,Regular Season,2023-24
42,22300570,2024-01-17,1610612737.0,,Regular Season,2023-24
43,22300559,2024-01-15,1610612737.0,,Regular Season,2023-24
44,22300543,2024-01-13,1610612737.0,,Regular Season,2023-24
45,22300533,2024-01-12,1610612737.0,,Regular Season,2023-24
46,22300521,2024-01-10,1610612737.0,,Regular Season,2023-24
47,22300499,2024-01-07,,1610612737.0,Regular Season,2023-24
48,22300480,2024-01-05,,1610612737.0,Regular Season,2023-24
49,22300467,2024-01-03,1610612737.0,,Regular Season,2023-24
50,22300445,2023-12-31,,1610612737.0,Regular Season,2023-24
51,22300431,2023-12-29,1610612737.0,,Regular Season,2023-24
52,22300408,2023-12-26,,1610612737.0,Regular Season,2023-24
53,22300393,2023-12-23,1610612737.0,,Regular Season,2023-24
54,22300384,2023-12-22,,1610612737.0,Regular Season,2023-24
55,22300371,2023-12-20,,1610612737.0,Regular Season,2023-24
56,22300352,2023-12-18,1610612737.0,,Regular Season,2023-24
57,22300336,2023-12-16,,1610612737.0,Regular Season,2023-24
58,22300330,2023-12-15,,1610612737.0,Regular Season,2023-24
59,22300313,2023-12-13,,1610612737.0,Regular Season,2023-24
60,22300296,2023-12-11,1610612737.0,,Regular Season,2023-24
61,22301218,2023-12-08,,1610612737.0,Regular Season,2023-24
62,22301209,2023-12-06,1610612737.0,,Regular Season,2023-24
63,22300286,2023-12-02,,1610612737.0,Regular Season,2023-24
64,22300272,2023-11-30,,1610612737.0,Regular Season,2023-24
65,22300055,2023-11-28,,1610612737.0,Regular Season,2023-24
66,22300246,2023-11-26,,1610612737.0,Regular Season,2023-24
67,22300241,2023-11-25,,1610612737.0,Regular Season,2023-24
68,22300227,2023-11-22,1610612737.0,,Regular Season,2023-24
69,22300039,2023-11-21,1610612737.0,,Regular Season,2023-24
70,22300029,2023-11-17,1610612737.0,,Regular Season,2023-24
71,22300193,2023-11-15,1610612737.0,,Regular Season,2023-24
72,22300018,2023-11-14,,1610612737.0,Regular Season,2023-24
73,22300175,2023-11-11,1610612737.0,,Regular Season,2023-24
74,22300172,2023-11-09,,1610612737.0,Regular Season,2023-24
75,22300155,2023-11-06,,1610612737.0,Regular Season,2023-24
76,22300135,2023-11-04,,1610612737.0,Regular Season,2023-24
77,22300117,2023-11-01,1610612737.0,,Regular Season,2023-24
78,22300104,2023-10-30,1610612737.0,,Regular Season,2023-24
79,22300097,2023-10-29,,1610612737.0,Regular Season,2023-24
80,22300079,2023-10-27,1610612737.0,,Regular Season,2023-24
81,22300063,2023-10-25,,1610612737.0,Regular Season,2023-24
82,22301186,2024-04-14,1610612738.0,,Regular Season,2023-24
83,22301173,2024-04-12,1610612738.0,,Regular Season,2023-24
84,22301167,2024-04-11,1610612738.0,,Regular Season,2023-24
85,22301148,2024-04-09,,1610612738.0,Regular Season,2023-24
86,22301134,2024-04-07,1610612738.0,,Regular Season,2023-24
87,22301118,2024-04-05,1610612738.0,,Regular Season,2023-24
88,22301105,2024-04-03,1610612738.0,,Regular Season,2023-24
89,22301087,2024-04-01,,1610612738.0,Regular Season,2023-24
90,22301074,2024-03-30,,1610612738.0,Regular Season,2023-24
91,22301023,2024-03-23,,1610612738.0,Regular Season,2023-24
92,22301011,2024-03-22,,1610612738.0,Regular Season,2023-24
93,22300998,2024-03-20,1610612738.0,,Regular Season,2023-24
94,22300984,2024-03-18,1610612738.0,,Regular Season,2023-24
95,22300980,2024-03-17,,1610612738.0,Regular Season,2023-24
96,22300955,2024-03-14,1610612738.0,,Regular Season,2023-24
97,22300943,2024-03-12,,1610612738.0,Regular Season,2023-24
98,22300938,2024-03-11,,1610612738.0,Regular Season,2023-24
99,22300920,2024-03-09,,1610612738.0,Regular Season,2023-24
100,22300906,2024-03-07,,1610612738.0,Regular Season,2023-24
101,22300886,2024-03-05,,1610612738.0,Regular Season,2023-24
102,22300872,2024-03-03,1610612738.0,,Regular Season,2023-24
103,22300859,2024-03-01,1610612738.0,,Regular Season,2023-24
104,22300836,2024-02-27,1610612738.0,,Regular Season,2023-24
105,22300816,2024-02-24,,1610612738.0,Regular Season,2023-24
106,22300797,2024-02-22,,1610612738.0,Regular Season,2023-24
107,22300780,2024-02-14,1610612738.0,,Regular Season,2023-24
108,22300771,2024-02-13,,1610612738.0,Regular Season,2023-24
109,22300759,2024-02-11,,1610612738.0,Regular Season,2023-24
110,22300743,2024-02-09,1610612738.0,,Regular Season,2023-24
111,22300706,2024-02-04,1610612738.0,,Regular Season,2023-24
112,22300684,2024-02-01,1610612738.0,,Regular Season,2023-24
113,22300670,2024-01-30,1610612738.0,,Regular Season,2023-24
114,22300659,2024-01-29,1610612738.0,,Regular Season,2023-24
115,22300646,2024-01-27,1610612738.0,,Regular Season,2023-24
116,22300630,2024-01-25,,1610612738.0,Regular Season,2023-24
117,22300611,2024-01-22,,1610612738.0,Regular Season,2023-24
118,22300603,2024-01-21,,1610612738.0,Regular Season,2023-24
119,22300586,2024-01-19,1610612738.0,,Regular Season,2023-24
120,22300571,2024-01-17,1610612738.0,,Regular Season,2023-24
121,22300563,2024-01-15,,1610612738.0,Regular Season,2023-24
122,22300542,2024-01-13,1610612738.0,,Regular Season,2023-24
123,22300528,2024-01-11,,1610612738.0,Regular Season,2023-24
124,22300517,2024-01-10,1610612738.0,,Regular Season,2023-24
125,22300507,2024-01-08,,1610612738.0,Regular Season,2023-24
126,22300493,2024-01-06,,1610612738.0,Regular Season,2023-24
127,22300479,2024-01-05,1610612738.0,,Regular Season,2023-24
128,22300462,2024-01-02,,1610612738.0,Regular Season,2023-24
129,22300448,2023-12-31,,1610612738.0,Regular Season,2023-24
130,22300432,2023-12-29,1610612738.0,,Regular Season,2023-24
131,22300421,2023-12-28,1610612738.0,,Regular Season,2023-24
132,22300403,2023-12-25,,1610612738.0,Regular Season,2023-24
133,22300389,2023-12-23,,1610612738.0,Regular Season,2023-24
134,22300373,2023-12-20,,1610612738.0,Regular Season,2023-24
135,22300362,2023-12-19,,1610612738.0,Regular Season,2023-24
136,22300344,2023-12-17,1610612738.0,,Regular Season,2023-24
137,22300329,2023-12-15,1610612738.0,,Regular Season,2023-24
138,22300319,2023-12-14,1610612738.0,,Regular Season,2023-24
139,22300305,2023-12-12,1610612738.0,,Regular Season,2023-24
140,22301227,2023-12-08,1610612738.0,,Regular Season,2023-24
141,22301202,2023-12-04,,1610612738.0,Regular Season,2023-24
142,22300275,2023-12-01,1610612738.0,,Regular Season,2023-24
143,22300053,2023-11-28,1610612738.0,,Regular Season,2023-24
144,22300043,2023-11-24,,1610612738.0,Regular Season,2023-24
145,22300228,2023-11-22,1610612738.0,,Regular Season,2023-24
146,22300217,2023-11-20,,1610612738.0,Regular Season,2023-24
147,22300213,2023-11-19,,1610612738.0,Regular Season,2023-24
148,22300031,2023-11-17,,1610612738.0,Regular Season,2023-24
149,22300194,2023-11-15,,1610612738.0,Regular Season,2023-24
150,22300188,2023-11-13,1610612738.0,,Regular Season,2023-24
151,22300174,2023-11-11,1610612738.0,,Regular Season,2023-24
152,22300010,2023-11-10,1610612738.0,,Regular Season,2023-24
153,22300159,2023-11-08,,1610612738.0,Regular Season,2023-24
154,22300154,2023-11-06,,1610612738.0,Regular Season,2023-24
155,22300136,2023-11-04,,1610612738.0,Regular Season,2023-24
156,22300118,2023-11-01,1610612738.0,,Regular Season,2023-24
157,22300103,2023-10-30,,1610612738.0,Regular Season,2023-24
158,22300080,2023-10-27,1610612738.0,,Regular Season,2023-24
159,22300065,2023-10-25,,1610612738.0,Regular Season,2023-24
160,22301187,2024-04-14,1610612739.0,,Regular Season,2023-24
161,22301174,2024-04-12,1610612739.0,,Regular Season,2023-24
162,22301158,2024-04-10,1610612739.0,,Regular Season,2023-24
163,22301132,2024-04-07,,1610612739.0,Regular Season,2023-24
164,22301127,2024-04-06,,1610612739.0,Regular Season,2023-24
165,22301110,2024-04-03,,1610612739.0,Regular Season,2023-24
166,22301100,2024-04-02,,1610612739.0,Regular Season,2023-24
167,22301077,2024-03-31,,1610612739.0,Regular Season,2023-24
168,22301067,2024-03-29,1610612739.0,,Regular Season,2023-24
169,22301048,2024-03-27,,1610612739.0,Regular Season,2023-24
170,22301033,2024-03-25,1610612739.0,,Regular Season,2023-24
171,22301029,2024-03-24,,1610612739.0,Regular Season,2023-24
172,22301014,2024-03-22,,1610612739.0,Regular Season,2023-24
173,22300996,2024-03-20,1610612739.0,,Regular Season,2023-24
174,22300983,2024-03-18,,1610612739.0,Regular Season,2023-24
175,22300967,2024-03-16,,1610612739.0,Regular Season,2023-24
176,22300951,2024-03-13,,1610612739.0,Regular Season,2023-24
177,22300934,2024-03-11,1610612739.0,,Regular Season,2023-24
178,22300930,2024-03-10,1610612739.0,,Regular Season,2023-24
179,22300911,2024-03-08,1610612739.0,,Regular Season,2023-24
180,22300876,2024-03-03,1610612739.0,,Regular Season,2023-24
181,22300857,2024-03-01,,1610612739.0,Regular Season,2023-24
182,22300846,2024-02-28,,1610612739.0,Regular Season,2023-24
183,22300832,2024-02-27,1610612739.0,,Regular Season,2023-24
184,22300820,2024-02-25,,1610612739.0,Regular Season,2023-24
185,22300805,2024-02-23,,1610612739.0,Regular Season,2023-24
186,22300792,2024-02-22,1610612739.0,,Regular Season,2023-24
187,22300781,2024-02-14,1610612739.0,,Regular Season,2023-24
188,22300762,2024-02-12,1610612739.0,,Regular Season,2023-24
189,22300756,2024-02-10,,1610612739.0,Regular Season,2023-24
190,22300735,2024-02-08,,1610612739.0,Regular Season,2023-24
191,22300728,2024-02-07,,1610612739.0,Regular Season,2023-24
192,22300714,2024-02-05,1610612739.0,,Regular Season,2023-24
193,22300703,2024-02-03,,1610612739.0,Regular Season,2023-24
194,22300687,2024-02-01,,1610612739.0,Regular Season,2023-24
195,22300675,2024-01-31,1610612739.0,,Regular Season,2023-24
196,22300658,2024-01-29,1610612739.0,,Regular Season,2023-24
197,22300639,2024-01-26,,1610612739.0,Regular Season,2023-24
198,22300624,2024-01-24,,1610612739.0,Regular Season,2023-24
199,22300607,2024-01-22,,1610612739.0,Regular Season,2023-24
200,22300572,2024-01-17,1610612739.0,,Regular Season,2023-24
201,22300561,2024-01-15,1610612739.0,,Regular Season,2023-24
202,22300527,2024-01-11,1610612739.0,,Regular Season,2023-24
203,22300497,2024-01-07,1610612739.0,,Regular Season,2023-24
204,22300482,2024-01-05,1610612739.0,,Regular Season,2023-24
205,22300465,2024-01-03,1610612739.0,,Regular Season,2023-24
206,22300452,2024-01-01,,1610612739.0,Regular Season,2023-24
207,22300433,2023-12-29,1610612739.0,,Regular Season,2023-24
208,22300420,2023-12-27,,1610612739.0,Regular Season,2023-24
209,22300396,2023-12-23,,1610612739.0,Regular Season,2023-24
210,22300375,2023-12-21,1610612739.0,,Regular Season,2023-24
211,22300364,2023-12-20,1610612739.0,,Regular Season,2023-24
212,22300349,2023-12-18,1610612739.0,,Regular Season,2023-24
213,22300294,2023-12-11,,1610612739.0,Regular Season,2023-24
214,22301220,2023-12-08,,1610612739.0,Regular Season,2023-24
215,22301205,2023-12-06,1610612739.0,,Regular Season,2023-24
216,22300283,2023-12-02,,1610612739.0,Regular Season,2023-24
217,22300265,2023-11-30,1610612739.0,,Regular Season,2023-24
218,22300251,2023-11-26,1610612739.0,,Regular Season,2023-24
219,22300242,2023-11-25,1610612739.0,,Regular Season,2023-24
220,22300229,2023-11-22,1610612739.0,,Regular Season,2023-24
221,22300040,2023-11-21,,1610612739.0,Regular Season,2023-24
222,22300210,2023-11-19,1610612739.0,,Regular Season,2023-24
223,22300030,2023-11-17,1610612739.0,,Regular Season,2023-24
224,22300199,2023-11-15,,1610612739.0,Regular Season,2023-24
225,22300191,2023-11-13,,1610612739.0,Regular Season,2023-24
226,22300176,2023-11-11,,1610612739.0,Regular Season,2023-24
227,22300167,2023-11-08,,1610612739.0,Regular Season,2023-24
228,22300142,2023-11-05,1610612739.0,,Regular Season,2023-24
229,22300001,2023-11-03,,1610612739.0,Regular Season,2023-24
230,22300120,2023-11-01,,1610612739.0,Regular Season,2023-24
231,22300112,2023-10-31,1610612739.0,,Regular Season,2023-24
232,22300091,2023-10-28,1610612739.0,,Regular Season,2023-24
233,22300081,2023-10-27,1610612739.0,,Regular Season,2023-24
234,22300067,2023-10-25,,1610612739.0,Regular Season,2023-24
235,22301195,2024-04-14,1610612740.0,,Regular Season,2023-24
236,22301182,2024-04-12,,1610612740.0,Regular Season,2023-24
237,22301170,2024-04-11,,1610612740.0,Regular Season,2023-24
238,22301157,2024-04-09,,1610612740.0,Regular Season,2023-24
239,22301138,2024-04-07,,1610612740.0,Regular Season,2023-24
240,22301123,2024-04-05,1610612740.0,,Regular Season,2023-24
241,22301109,2024-04-03,1610612740.0,,Regular Season,2023-24
242,22301092,2024-04-01,1610612740.0,,Regular Season,2023-24
243,22301061,2024-03-28,1610612740.0,,Regular Season,2023-24
244,22301046,2024-03-26,1610612740.0,,Regular Season,2023-24
245,22301027,2024-03-24,,1610612740.0,Regular Season,2023-24
246,22301013,2024-03-22,,1610612740.0,Regular Season,2023-24
247,22301004,2024-03-21,,1610612740.0,Regular Season,2023-24
248,22300993,2024-03-19,,1610612740.0,Regular Season,2023-24
249,22300970,2024-03-16,1610612740.0,,Regular Season,2023-24
250,22300964,2024-03-15,1610612740.0,,Regular Season,2023-24
251,22300909,2024-03-08,,1610612740.0,Regular Season,2023-24
252,22300890,2024-03-05,,1610612740.0,Regular Season,2023-24
253,22300863,2024-03-01,1610612740.0,,Regular Season,2023-24
254,22300843,2024-02-28,,1610612740.0,Regular Season,2023-24
255,22300837,2024-02-27,,1610612740.0,Regular Season,2023-24
256,22300823,2024-02-25,1610612740.0,,Regular Season,2023-24
257,22300810,2024-02-23,1610612740.0,,Regular Season,2023-24
258,22300798,2024-02-22,1610612740.0,,Regular Season,2023-24
259,22300784,2024-02-14,1610612740.0,,Regular Season,2023-24
260,22300766,2024-02-12,,1610612740.0,Regular Season,2023-24
261,22300758,2024-02-10,,1610612740.0,Regular Season,2023-24
262,22300747,2024-02-09,,1610612740.0,Regular Season,2023-24
263,22300731,2024-02-07,,1610612740.0,Regular Season,2023-24
264,22300718,2024-02-05,1610612740.0,,Regular Season,2023-24
265,22300696,2024-02-02,,1610612740.0,Regular Season,2023-24
266,22300679,2024-01-31,,1610612740.0,Regular Season,2023-24
267,22300648,2024-01-27,,1610612740.0,Regular Season,2023-24
268,22300640,2024-01-26,1610612740.0,,Regular Season,2023-24
269,22300616,2024-01-23,1610612740.0,,Regular Season,2023-24
270,22300588,2024-01-19,1610612740.0,,Regular Season,2023-24
271,22300575,2024-01-17,1610612740.0,,Regular Season,2023-24
272,22300556,2024-01-15,,1610612740.0,Regular Season,2023-24
273,22300547,2024-01-13,,1610612740.0,Regular Season,2023-24
274,22300539,2024-01-12,,1610612740.0,Regular Season,2023-24
275,22300525,2024-01-10,,1610612740.0,Regular Season,2023-24
276,22300500,2024-01-07,,1610612740.0,Regular Season,2023-24
277,22300486,2024-01-05,1610612740.0,,Regular Season,2023-24
278,22300471,2024-01-03,,1610612740.0,Regular Season,2023-24
279,22300461,2024-01-02,1610612740.0,,Regular Season,2023-24
280,22300446,2023-12-31,1610612740.0,,Regular Season,2023-24
281,22300424,2023-12-28,1610612740.0,,Regular Season,2023-24
282,22300410,2023-12-26,1610612740.0,,Regular Season,2023-24
283,22300392,2023-12-23,1610612740.0,,Regular Season,2023-24
284,22300360,2023-12-19,1610612740.0,,Regular Season,2023-24
285,22300345,2023-12-17,,1610612740.0,Regular Season,2023-24
286,22300326,2023-12-15,,1610612740.0,Regular Season,2023-24
287,22300311,2023-12-13,,1610612740.0,Regular Season,2023-24
288,22300301,2023-12-11,1610612740.0,,Regular Season,2023-24
289,22301230,2023-12-07,,1610612740.0,Regular Season,2023-24
290,22301204,2023-12-04,,1610612740.0,Regular Season,2023-24
291,22300285,2023-12-02,,1610612740.0,Regular Season,2023-24
292,22300278,2023-12-01,1610612740.0,,Regular Season,2023-24
293,22300262,2023-11-29,1610612740.0,,Regular Season,2023-24
294,22300256,2023-11-27,,1610612740.0,Regular Season,2023-24
295,22300243,2023-11-25,,1610612740.0,Regular Season,2023-24
296,22300052,2023-11-24,,1610612740.0,Regular Season,2023-24
297,22300233,2023-11-22,1610612740.0,,Regular Season,2023-24
298,22300222,2023-11-20,1610612740.0,,Regular Season,2023-24
299,22300203,2023-11-18,1610612740.0,,Regular Season,2023-24
300,22300034,2023-11-17,1610612740.0,,Regular Season,2023-24
301,22300022,2023-11-14,1610612740.0,,Regular Season,2023-24
302,22300183,2023-11-12,1610612740.0,,Regular Season,2023-24
303,22300011,2023-11-10,,1610612740.0,Regular Season,2023-24
304,22300166,2023-11-08,,1610612740.0,Regular Season,2023-24
305,22300156,2023-11-06,,1610612740.0,Regular Season,2023-24
306,22300129,2023-11-02,1610612740.0,,Regular Season,2023-24
307,22300121,2023-11-01,,1610612740.0,Regular Season,2023-24
308,22300108,2023-10-30,1610612740.0,,Regular Season,2023-24
309,22300090,2023-10-28,1610612740.0,,Regular Season,2023-24
310,22300071,2023-10-25,,1610612740.0,Regular Season,2023-24
311,22301190,2024-04-14,,1610612741.0,Regular Season,2023-24
312,22301172,2024-04-12,,1610612741.0,Regular Season,2023-24
313,22301166,2024-04-11,,1610612741.0,Regular Season,2023-24
314,22301149,2024-04-09,1610612741.0,,Regular Season,2023-24
315,22301136,2024-04-07,,1610612741.0,Regular Season,2023-24
316,22301119,2024-04-05,1610612741.0,,Regular Season,2023-24
317,22301084,2024-03-31,,1610612741.0,Regular Season,2023-24
318,22301066,2024-03-29,,1610612741.0,Regular Season,2023-24
319,22301054,2024-03-27,1610612741.0,,Regular Season,2023-24
320,22301037,2024-03-25,1610612741.0,,Regular Season,2023-24
321,22301006,2024-03-21,,1610612741.0,Regular Season,2023-24
322,22300986,2024-03-18,1610612741.0,,Regular Season,2023-24
323,22300971,2024-03-16,1610612741.0,,Regular Season,2023-24
324,22300956,2024-03-14,1610612741.0,,Regular Season,2023-24
325,22300948,2024-03-13,,1610612741.0,Regular Season,2023-24
326,22300935,2024-03-11,1610612741.0,,Regular Season,2023-24
327,22300917,2024-03-09,,1610612741.0,Regular Season,2023-24
328,22300907,2024-03-07,,1610612741.0,Regular Season,2023-24
329,22300898,2024-03-06,,1610612741.0,Regular Season,2023-24
330,22300883,2024-03-04,,1610612741.0,Regular Season,2023-24
331,22300864,2024-03-01,1610612741.0,,Regular Season,2023-24
332,22300839,2024-02-27,1610612741.0,,Regular Season,2023-24
333,22300752,2024-02-10,,1610612741.0,Regular Season,2023-24
334,22300737,2024-02-08,,1610612741.0,Regular Season,2023-24
335,22300723,2024-02-06,1610612741.0,,Regular Season,2023-24
336,22300700,2024-02-03,1610612741.0,,Regular Season,2023-24
337,22300674,2024-01-31,,1610612741.0,Regular Season,2023-24
338,22300672,2024-01-30,1610612741.0,,Regular Season,2023-24
339,22300656,2024-01-28,,1610612741.0,Regular Season,2023-24
340,22300633,2024-01-25,,1610612741.0,Regular Season,2023-24
341,22300612,2024-01-22,,1610612741.0,Regular Season,2023-24
342,22300597,2024-01-20,1610612741.0,,Regular Season,2023-24
343,22300580,2024-01-18,,1610612741.0,Regular Season,2023-24
344,22300548,2024-01-13,,1610612741.0,Regular Season,2023-24
345,22300536,2024-01-12,1610612741.0,,Regular Season,2023-24
346,22300523,2024-01-10,1610612741.0,,Regular Season,2023-24
347,22300506,2024-01-08,,1610612741.0,Regular Season,2023-24
348,22300484,2024-01-05,1610612741.0,,Regular Season,2023-24
349,22300468,2024-01-03,,1610612741.0,Regular Season,2023-24
350,22300459,2024-01-02,,1610612741.0,Regular Season,2023-24
351,22300442,2023-12-30,1610612741.0,,Regular Season,2023-24
352,22300422,2023-12-28,1610612741.0,,Regular Season,2023-24
353,22300376,2023-12-21,1610612741.0,,Regular Season,2023-24
354,22300370,2023-12-20,1610612741.0,,Regular Season,2023-24
355,22300351,2023-12-18,,1610612741.0,Regular Season,2023-24
356,22300337,2023-12-16,,1610612741.0,Regular Season,2023-24
357,22300320,2023-12-14,,1610612741.0,Regular Season,2023-24
358,22300307,2023-12-12,1610612741.0,,Regular Season,2023-24
359,22300300,2023-12-11,,1610612741.0,Regular Season,2023-24
360,22301223,2023-12-08,,1610612741.0,Regular Season,2023-24
361,22301211,2023-12-06,1610612741.0,,Regular Season,2023-24
362,22300269,2023-11-30,1610612741.0,,Regular Season,2023-24
363,22300250,2023-11-26,,1610612741.0,Regular Season,2023-24
364,22300046,2023-11-24,,1610612741.0,Regular Season,2023-24
365,22300234,2023-11-22,,1610612741.0,Regular Season,2023-24
366,22300220,2023-11-20,1610612741.0,,Regular Season,2023-24
367,22300204,2023-11-18,1610612741.0,,Regular Season,2023-24
368,22300033,2023-11-17,1610612741.0,,Regular Season,2023-24
369,22300196,2023-11-15,1610612741.0,,Regular Season,2023-24
370,22300190,2023-11-13,,1610612741.0,Regular Season,2023-24
371,22300181,2023-11-12,1610612741.0,,Regular Season,2023-24
372,22300162,2023-11-08,1610612741.0,,Regular Season,2023-24
373,22300152,2023-11-06,1610612741.0,,Regular Season,2023-24
374,22300139,2023-11-04,,1610612741.0,Regular Season,2023-24
375,22300004,2023-11-03,1610612741.0,,Regular Season,2023-24
376,22300124,2023-11-01,,1610612741.0,Regular Season,2023-24
377,22300102,2023-10-30,,1610612741.0,Regular Season,2023-24
378,22300088,2023-10-28,,1610612741.0,Regular Season,2023-24
379,22300082,2023-10-27,1610612741.0,,Regular Season,2023-24
380,22300070,2023-10-25,1610612741.0,,Regular Season,2023-24
381,22301196,2024-04-14,,1610612742.0,Regular Season,2023-24
382,22301181,2024-04-12,1610612742.0,,Regular Season,2023-24
383,22301161,2024-04-10,,1610612742.0,Regular Season,2023-24
384,22301144,2024-04-09,,1610612742.0,Regular Season,2023-24
385,22301131,2024-04-07,1610612742.0,,Regular Season,2023-24
386,22301097,2024-04-05,1610612742.0,,Regular Season,2023-24
387,22300589,2024-04-02,,1610612742.0,Regular Season,2023-24
388,22301083,2024-03-31,,1610612742.0,Regular Season,2023-24
389,22301073,2024-03-29,,1610612742.0,Regular Season,2023-24
390,22301047,2024-03-26,,1610612742.0,Regular Season,2023-24
391,22301041,2024-03-25,,1610612742.0,Regular Season,2023-24
392,22301008,2024-03-21,1610612742.0,,Regular Season,2023-24
393,22300994,2024-03-19,,1610612742.0,Regular Season,2023-24
394,22300978,2024-03-17,1610612742.0,,Regular Season,2023-24
395,22300959,2024-03-14,,1610612742.0,Regular Season,2023-24
396,22300952,2024-03-13,1610612742.0,,Regular Season,2023-24
397,22300919,2024-03-09,,1610612742.0,Regular Season,2023-24
398,22300904,2024-03-07,1610612742.0,,Regular Season,2023-24
399,22300892,2024-03-05,1610612742.0,,Regular Season,2023-24
400,22300871,2024-03-03,1610612742.0,,Regular Season,2023-24
401,22300844,2024-02-28,,1610612742.0,Regular Season,2023-24
402,22300819,2024-02-25,,1610612742.0,Regular Season,2023-24
403,22300796,2024-02-22,1610612742.0,,Regular Season,2023-24
404,22300785,2024-02-14,1610612742.0,,Regular Season,2023-24
405,22300768,2024-02-12,1610612742.0,,Regular Season,2023-24
406,22300748,2024-02-10,1610612742.0,,Regular Season,2023-24
407,22300736,2024-02-08,,1610612742.0,Regular Season,2023-24
408,22300720,2024-02-06,,1610612742.0,Regular Season,2023-24
409,22300715,2024-02-05,,1610612742.0,Regular Season,2023-24
410,22300702,2024-02-03,1610612742.0,,Regular Season,2023-24
411,22300680,2024-01-31,,1610612742.0,Regular Season,2023-24
412,22300666,2024-01-29,1610612742.0,,Regular Season,2023-24
413,22300651,2024-01-27,1610612742.0,,Regular Season,2023-24
414,22300625,2024-01-24,1610612742.0,,Regular Season,2023-24
415,22300577,2024-01-17,,1610612742.0,Regular Season,2023-24
416,22300530,2024-01-11,1610612742.0,,Regular Season,2023-24
417,22300515,2024-01-09,1610612742.0,,Regular Season,2023-24
418,22300501,2024-01-07,1610612742.0,,Regular Season,2023-24
419,22300487,2024-01-05,1610612742.0,,Regular Season,2023-24
420,22300472,2024-01-03,1610612742.0,,Regular Season,2023-24
421,22300457,2024-01-01,,1610612742.0,Regular Season,2023-24
422,22300444,2023-12-30,,1610612742.0,Regular Season,2023-24
423,22300423,2023-12-28,,1610612742.0,Regular Season,2023-24
424,22300405,2023-12-25,,1610612742.0,Regular Season,2023-24
425,22300398,2023-12-23,1610612742.0,,Regular Season,2023-24
426,22300385,2023-12-22,,1610612742.0,Regular Season,2023-24
427,22300372,2023-12-20,1610612742.0,,Regular Season,2023-24
428,22300356,2023-12-18,,1610612742.0,Regular Season,2023-24
429,22300341,2023-12-16,,1610612742.0,Regular Season,2023-24
430,22300321,2023-12-14,1610612742.0,,Regular Season,2023-24
431,22300306,2023-12-12,1610612742.0,,Regular Season,2023-24
432,22300299,2023-12-11,,1610612742.0,Regular Season,2023-24
433,22301226,2023-12-08,,1610612742.0,Regular Season,2023-24
434,22301213,2023-12-06,1610612742.0,,Regular Season,2023-24
435,22300287,2023-12-02,1610612742.0,,Regular Season,2023-24
436,22300277,2023-12-01,1610612742.0,,Regular Season,2023-24
437,22300059,2023-11-28,1610612742.0,,Regular Season,2023-24
438,22300244,2023-11-25,,1610612742.0,Regular Season,2023-24
439,22300238,2023-11-22,,1610612742.0,Regular Season,2023-24
440,22300212,2023-11-19,1610612742.0,,Regular Season,2023-24
441,22300205,2023-11-18,,1610612742.0,Regular Season,2023-24
442,22300192,2023-11-15,,1610612742.0,Regular Season,2023-24
443,22300014,2023-11-10,1610612742.0,,Regular Season,2023-24
444,22300168,2023-11-08,1610612742.0,,Regular Season,2023-24
445,22300147,2023-11-06,,1610612742.0,Regular Season,2023-24
446,22300143,2023-11-05,1610612742.0,,Regular Season,2023-24
447,22300006,2023-11-03,,1610612742.0,Regular Season,2023-24
448,22300106,2023-10-30,,1610612742.0,Regular Season,2023-24
449,22300084,2023-10-27,1610612742.0,,Regular Season,2023-24
450,22300073,2023-10-25,,1610612742.0,Regular Season,2023-24
451,22301193,2024-04-14,,1610612743.0,Regular Season,2023-24
452,22301180,2024-04-12,,1610612743.0,Regular Season,2023-24
453,22301164,2024-04-10,1610612743.0,,Regular Season,2023-24
454,22301154,2024-04-09,,1610612743.0,Regular Season,2023-24
455,22301114,2024-04-04,,1610612743.0,Regular Season,2023-24
456,22301099,2024-04-02,1610612743.0,,Regular Season,2023-24
457,22301071,2024-03-29,1610612743.0,,Regular Season,2023-24
458,22301059,2024-03-27,1610612743.0,,Regular Season,2023-24
459,22301040,2024-03-25,1610612743.0,,Regular Season,2023-24
460,22301026,2024-03-23,,1610612743.0,Regular Season,2023-24
461,22301009,2024-03-21,1610612743.0,,Regular Season,2023-24
462,22300995,2024-03-19,,1610612743.0,Regular Season,2023-24
463,22300965,2024-03-15,,1610612743.0,Regular Season,2023-24
464,22300949,2024-03-13,,1610612743.0,Regular Season,2023-24
465,22300937,2024-03-11,1610612743.0,,Regular Season,2023-24
466,22300922,2024-03-09,1610612743.0,,Regular Season,2023-24
467,22300893,2024-03-05,1610612743.0,,Regular Season,2023-24
468,22300869,2024-03-02,,1610612743.0,Regular Season,2023-24
469,22300855,2024-02-29,1610612743.0,,Regular Season,2023-24
470,22300847,2024-02-28,1610612743.0,,Regular Season,2023-24
471,22300824,2024-02-25,,1610612743.0,Regular Season,2023-24
472,22300812,2024-02-23,,1610612743.0,Regular Season,2023-24
473,22300800,2024-02-22,1610612743.0,,Regular Season,2023-24
474,22300786,2024-02-14,1610612743.0,,Regular Season,2023-24
475,22300767,2024-02-12,,1610612743.0,Regular Season,2023-24
476,22300746,2024-02-09,,1610612743.0,Regular Season,2023-24
477,22300740,2024-02-08,,1610612743.0,Regular Season,2023-24
478,22300712,2024-02-04,1610612743.0,,Regular Season,2023-24
479,22300697,2024-02-02,1610612743.0,,Regular Season,2023-24
480,22300682,2024-01-31,,1610612743.0,Regular Season,2023-24
481,22300667,2024-01-29,1610612743.0,,Regular Season,2023-24
482,22300644,2024-01-27,1610612743.0,,Regular Season,2023-24
483,22300631,2024-01-25,,1610612743.0,Regular Season,2023-24
484,22300614,2024-01-23,,1610612743.0,Regular Season,2023-24
485,22300602,2024-01-21,,1610612743.0,Regular Season,2023-24
486,22300566,2024-01-16,,1610612743.0,Regular Season,2023-24
487,22300550,2024-01-14,1610612743.0,,Regular Season,2023-24
488,22300524,2024-01-10,,1610612743.0,Regular Season,2023-24
489,22300502,2024-01-07,1610612743.0,,Regular Season,2023-24
490,22300488,2024-01-05,1610612743.0,,Regular Season,2023-24
491,22300478,2024-01-04,,1610612743.0,Regular Season,2023-24
492,22300455,2024-01-01,1610612743.0,,Regular Season,2023-24
493,22300435,2023-12-29,1610612743.0,,Regular Season,2023-24
494,22300425,2023-12-28,1610612743.0,,Regular Season,2023-24
495,22300402,2023-12-25,1610612743.0,,Regular Season,2023-24
496,22300390,2023-12-23,,1610612743.0,Regular Season,2023-24
497,22300383,2023-12-22,,1610612743.0,Regular Season,2023-24
498,22300369,2023-12-20,,1610612743.0,Regular Season,2023-24
499,22300340,2023-12-16,1610612743.0,,Regular Season,2023-24
500,22300322,2023-12-14,1610612743.0,,Regular Season,2023-24
501,22301224,2023-12-08,1610612743.0,,Regular Season,2023-24
502,22301215,2023-12-06,,1610612743.0,Regular Season,2023-24
503,22300290,2023-12-02,,1610612743.0,Regular Season,2023-24
504,22300279,2023-12-01,,1610612743.0,Regular Season,2023-24
505,22300263,2023-11-29,1610612743.0,,Regular Season,2023-24
506,22300257,2023-11-27,,1610612743.0,Regular Season,2023-24
507,22300252,2023-11-26,1610612743.0,,Regular Season,2023-24
508,22300048,2023-11-24,,1610612743.0,Regular Season,2023-24
509,22300226,2023-11-22,,1610612743.0,Regular Season,2023-24
510,22300218,2023-11-20,,1610612743.0,Regular Season,2023-24
511,22300024,2023-11-14,1610612743.0,,Regular Season,2023-24
512,22300182,2023-11-12,,1610612743.0,Regular Season,2023-24
513,22300169,2023-11-08,1610612743.0,,Regular Season,2023-24
514,22300123,2023-11-01,,1610612743.0,Regular Season,2023-24
515,22300110,2023-10-30,1610612743.0,,Regular Season,2023-24
516,22300095,2023-10-29,,1610612743.0,Regular Season,2023-24
517,22300078,2023-10-27,,1610612743.0,Regular Season,2023-24
518,22300061,2023-10-24,1610612743.0,,Regular Season,2023-24
519,22301198,2024-04-14,1610612744.0,,Regular Season,2023-24
520,22301169,2024-04-11,,1610612744.0,Regular Season,2023-24
521,22301155,2024-04-09,,1610612744.0,Regular Season,2023-24
522,22301142,2024-04-07,1610612744.0,,Regular Season,2023-24
523,22301113,2024-04-04,,1610612744.0,Regular Season,2023-24
524,22301085,2024-03-31,,1610612744.0,Regular Season,2023-24
525,22301062,2024-03-29,,1610612744.0,Regular Season,2023-24
526,22301049,2024-03-27,,1610612744.0,Regular Season,2023-24
527,22301044,2024-03-26,,1610612744.0,Regular Season,2023-24
528,22301031,2024-03-24,,1610612744.0,Regular Season,2023-24
529,22301016,2024-03-22,1610612744.0,,Regular Season,2023-24
530,22301001,2024-03-20,1610612744.0,,Regular Season,2023-24
531,22300988,2024-03-18,1610612744.0,,Regular Season,2023-24
532,22300973,2024-03-16,,1610612744.0,Regular Season,2023-24
533,22300936,2024-03-11,,1610612744.0,Regular Season,2023-24
534,22300921,2024-03-09,1610612744.0,,Regular Season,2023-24
535,22300899,2024-03-06,1610612744.0,,Regular Season,2023-24
536,22300860,2024-03-01,,1610612744.0,Regular Season,2023-24
537,22300852,2024-02-29,,1610612744.0,Regular Season,2023-24
538,22300834,2024-02-27,,1610612744.0,Regular Season,2023-24
539,22300811,2024-02-23,1610612744.0,,Regular Season,2023-24
540,22300802,2024-02-22,1610612744.0,,Regular Season,2023-24
541,22300576,2024-02-15,,1610612744.0,Regular Season,2023-24
542,22300789,2024-02-14,1610612744.0,,Regular Season,2023-24
543,22300769,2024-02-12,,1610612744.0,Regular Season,2023-24
544,22300757,2024-02-10,1610612744.0,,Regular Season,2023-24
545,22300733,2024-02-08,,1610612744.0,Regular Season,2023-24
546,22300727,2024-02-07,,1610612744.0,Regular Season,2023-24
547,22300717,2024-02-05,,1610612744.0,Regular Season,2023-24
548,22300693,2024-02-02,,1610612744.0,Regular Season,2023-24
549,22300673,2024-01-30,1610612744.0,,Regular Season,2023-24
550,22300650,2024-01-27,1610612744.0,,Regular Season,2023-24
551,22300632,2024-01-25,1610612744.0,,Regular Season,2023-24
552,22300560,2024-01-15,,1610612744.0,Regular Season,2023-24
553,22300545,2024-01-13,,1610612744.0,Regular Season,2023-24
554,22300504,2024-01-07,1610612744.0,,Regular Season,2023-24
555,22300490,2024-01-05,1610612744.0,,Regular Season,2023-24
556,22300463,2024-01-02,1610612744.0,,Regular Season,2023-24
557,22300426,2023-12-28,1610612744.0,,Regular Season,2023-24
558,22300399,2023-12-23,1610612744.0,,Regular Season,2023-24
559,22300386,2023-12-22,1610612744.0,,Regular Season,2023-24
560,22300348,2023-12-17,,1610612744.0,Regular Season,2023-24
561,22300339,2023-12-16,1610612744.0,,Regular Season,2023-24
562,22300325,2023-12-14,,1610612744.0,Regular Season,2023-24
563,22300308,2023-12-12,,1610612744.0,Regular Season,2023-24
564,22301222,2023-12-08,,1610612744.0,Regular Season,2023-24
565,22301214,2023-12-06,1610612744.0,,Regular Season,2023-24
566,22300280,2023-12-02,,1610612744.0,Regular Season,2023-24
567,22300273,2023-11-30,1610612744.0,,Regular Season,2023-24
568,22300060,2023-11-28,,1610612744.0,Regular Season,2023-24
569,22300051,2023-11-24,1610612744.0,,Regular Season,2023-24
570,22300236,2023-11-22,,1610612744.0,Regular Season,2023-24
571,22300224,2023-11-20,1610612744.0,,Regular Season,2023-24
572,22300207,2023-11-18,1610612744.0,,Regular Season,2023-24
573,22300201,2023-11-16,1610612744.0,,Regular Season,2023-24
574,22300025,2023-11-14,1610612744.0,,Regular Season,2023-24
575,22300186,2023-11-12,1610612744.0,,Regular Season,2023-24
576,22300145,2023-11-06,,1610612744.0,Regular Season,2023-24
577,22300005,2023-11-03,,1610612744.0,Regular Season,2023-24
578,22300126,2023-11-01,1610612744.0,,Regular Season,2023-24
579,22300096,2023-10-29,,1610612744.0,Regular Season,2023-24
580,22300087,2023-10-27,,1610612744.0,Regular Season,2023-24
581,22300062,2023-10-24,1610612744.0,,Regular Season,2023-24
582,22301199,2024-04-14,,1610612745.0,Regular Season,2023-24
583,22301183,2024-04-12,,1610612745.0,Regular Season,2023-24
584,22301168,2024-04-11,,1610612745.0,Regular Season,2023-24
585,22301150,2024-04-09,1610612745.0,,Regular Season,2023-24
586,22301120,2024-04-05,1610612745.0,,Regular Season,2023-24
587,22301098,2024-04-02,,1610612745.0,Regular Season,2023-24
588,22301072,2024-03-29,,1610612745.0,Regular Season,2023-24
589,22301057,2024-03-27,,1610612745.0,Regular Season,2023-24
590,22301038,2024-03-25,1610612745.0,,Regular Season,2023-24
591,22301024,2024-03-23,1610612745.0,,Regular Season,2023-24
592,22300992,2024-03-19,,1610612745.0,Regular Season,2023-24
593,22300957,2024-03-14,1610612745.0,,Regular Season,2023-24
594,22300942,2024-03-12,,1610612745.0,Regular Season,2023-24
595,22300929,2024-03-10,,1610612745.0,Regular Season,2023-24
596,22300916,2024-03-08,,1610612745.0,Regular Season,2023-24
597,22300897,2024-03-06,1610612745.0,,Regular Season,2023-24
598,22300891,2024-03-05,1610612745.0,,Regular Season,2023-24
599,22300870,2024-03-02,,1610612745.0,Regular Season,2023-24
600,22300854,2024-02-29,,1610612745.0,Regular Season,2023-24
601,22300841,2024-02-27,,1610612745.0,Regular Season,2023-24
602,22300822,2024-02-25,1610612745.0,,Regular Season,2023-24
603,22300806,2024-02-23,1610612745.0,,Regular Season,2023-24
604,22300783,2024-02-14,,1610612745.0,Regular Season,2023-24
605,22300765,2024-02-12,1610612745.0,,Regular Season,2023-24
606,22300744,2024-02-09,,1610612745.0,Regular Season,2023-24
607,22300719,2024-02-06,,1610612745.0,Regular Season,2023-24
608,22300709,2024-02-04,,1610612745.0,Regular Season,2023-24
609,22300692,2024-02-02,1610612745.0,,Regular Season,2023-24
610,22300662,2024-01-29,1610612745.0,,Regular Season,2023-24
611,22300645,2024-01-27,,1610612745.0,Regular Season,2023-24
612,22300635,2024-01-26,,1610612745.0,Regular Season,2023-24
613,22300623,2024-01-24,1610612745.0,,Regular Season,2023-24
614,22300598,2024-01-20,1610612745.0,,Regular Season,2023-24
615,22300573,2024-01-17,,1610612745.0,Regular Season,2023-24
616,22300555,2024-01-15,,1610612745.0,Regular Season,2023-24
617,22300534,2024-01-12,,1610612745.0,Regular Season,2023-24
618,22300509,2024-01-08,,1610612745.0,Regular Season,2023-24
619,22300496,2024-01-06,1610612745.0,,Regular Season,2023-24
620,22300485,2024-01-05,1610612745.0,,Regular Season,2023-24
621,22300469,2024-01-03,1610612745.0,,Regular Season,2023-24
622,22300453,2024-01-01,1610612745.0,,Regular Season,2023-24
623,22300434,2023-12-29,1610612745.0,,Regular Season,2023-24
624,22300418,2023-12-27,1610612745.0,,Regular Season,2023-24
625,22300409,2023-12-26,1610612745.0,,Regular Season,2023-24
626,22300346,2023-12-17,,1610612745.0,Regular Season,2023-24
627,22300332,2023-12-15,,1610612745.0,Regular Season,2023-24
628,22300314,2023-12-13,1610612745.0,,Regular Season,2023-24
629,22300298,2023-12-11,1610612745.0,,Regular Season,2023-24
630,22301212,2023-12-06,1610612745.0,,Regular Season,2023-24
631,22300291,2023-12-02,,1610612745.0,Regular Season,2023-24
632,22300231,2023-11-22,1610612745.0,,Regular Season,2023-24
633,22300216,2023-11-19,,1610612745.0,Regular Season,2023-24
634,22300037,2023-11-17,,1610612745.0,Regular Season,2023-24
635,22300163,2023-11-08,1610612745.0,,Regular Season,2023-24
636,22300153,2023-11-06,1610612745.0,,Regular Season,2023-24
637,22300137,2023-11-04,1610612745.0,,Regular Season,2023-24
638,22300122,2023-11-01,1610612745.0,,Regular Season,2023-24
639,22300083,2023-10-27,,1610612745.0,Regular Season,2023-24
640,22300066,2023-10-25,,1610612745.0,Regular Season,2023-24
641,22301184,2024-04-12,1610612746.0,,Regular Season,2023-24
642,22301165,2024-04-10,1610612746.0,,Regular Season,2023-24
643,22301156,2024-04-09,,1610612746.0,Regular Season,2023-24
644,22301126,2024-04-05,1610612746.0,,Regular Season,2023-24
645,22301101,2024-04-02,,1610612746.0,Regular Season,2023-24
646,22301079,2024-03-31,,1610612746.0,Regular Season,2023-24
647,22301064,2024-03-29,,1610612746.0,Regular Season,2023-24
648,22301052,2024-03-27,,1610612746.0,Regular Season,2023-24
649,22301043,2024-03-25,1610612746.0,,Regular Season,2023-24
650,22301028,2024-03-24,1610612746.0,,Regular Season,2023-24
651,22301017,2024-03-22,,1610612746.0,Regular Season,2023-24
652,22301003,2024-03-20,,1610612746.0,Regular Season,2023-24
653,22300944,2024-03-12,1610612746.0,,Regular Season,2023-24
654,22300924,2024-03-10,1610612746.0,,Regular Season,2023-24
655,22300880,2024-03-04,,1610612746.0,Regular Season,2023-24
656,22300873,2024-03-03,,1610612746.0,Regular Season,2023-24
657,22300865,2024-03-01,1610612746.0,,Regular Season,2023-24
658,22300848,2024-02-28,1610612746.0,,Regular Season,2023-24
659,22300827,2024-02-25,1610612746.0,,Regular Season,2023-24
660,22300807,2024-02-23,,1610612746.0,Regular Season,2023-24
661,22300799,2024-02-22,,1610612746.0,Regular Season,2023-24
662,22300770,2024-02-12,1610612746.0,,Regular Season,2023-24
663,22300749,2024-02-10,1610612746.0,,Regular Season,2023-24
664,22300708,2024-02-04,,1610612746.0,Regular Season,2023-24
665,22300688,2024-02-02,,1610612746.0,Regular Season,2023-24
666,22300676,2024-01-31,,1610612746.0,Regular Season,2023-24
667,22300637,2024-01-26,,1610612746.0,Regular Season,2023-24
668,22300618,2024-01-23,1610612746.0,,Regular Season,2023-24
669,22300600,2024-01-21,1610612746.0,,Regular Season,2023-24
670,22300568,2024-01-16,1610612746.0,,Regular Season,2023-24
671,22300553,2024-01-14,,1610612746.0,Regular Season,2023-24
672,22300537,2024-01-12,,1610612746.0,Regular Season,2023-24
673,22300526,2024-01-10,1610612746.0,,Regular Season,2023-24
674,22300511,2024-01-08,1610612746.0,,Regular Season,2023-24
675,22300505,2024-01-07,,1610612746.0,Regular Season,2023-24
676,22300473,2024-01-03,,1610612746.0,Regular Season,2023-24
677,22300458,2024-01-01,1610612746.0,,Regular Season,2023-24
678,22300438,2023-12-29,1610612746.0,,Regular Season,2023-24
679,22300414,2023-12-26,1610612746.0,,Regular Season,2023-24
680,22300379,2023-12-21,,1610612746.0,Regular Season,2023-24
681,22300350,2023-12-18,,1610612746.0,Regular Season,2023-24
682,22300343,2023-12-16,1610612746.0,,Regular Season,2023-24
683,22300309,2023-12-12,1610612746.0,,Regular Season,2023-24
684,22300304,2023-12-11,1610612746.0,,Regular Season,2023-24
685,22301225,2023-12-08,,1610612746.0,Regular Season,2023-24
686,22300264,2023-11-29,,1610612746.0,Regular Season,2023-24
687,22300235,2023-11-22,,1610612746.0,Regular Season,2023-24
688,22300223,2023-11-20,,1610612746.0,Regular Season,2023-24
689,22300179,2023-11-12,1610612746.0,,Regular Season,2023-24
690,22300160,2023-11-08,,1610612746.0,Regular Season,2023-24
691,22300151,2023-11-06,,1610612746.0,Regular Season,2023-24
692,22300127,2023-11-01,,1610612746.0,Regular Season,2023-24
693,22300114,2023-10-31,1610612746.0,,Regular Season,2023-24
694,22300099,2023-10-29,1610612746.0,,Regular Season,2023-24
695,22300085,2023-10-27,,1610612746.0,Regular Season,2023-24
696,22300074,2023-10-25,1610612746.0,,Regular Season,2023-24
697,22301177,2024-04-12,,1610612747.0,Regular Season,2023-24
698,22301143,2024-04-07,1610612747.0,,Regular Season,2023-24
699,22301103,2024-04-03,,1610612747.0,Regular Season,2023-24
700,22301094,2024-04-02,,1610612747.0,Regular Season,2023-24
701,22301078,2024-03-31,,1610612747.0,Regular Season,2023-24
702,22301063,2024-03-29,,1610612747.0,Regular Season,2023-24
703,22301055,2024-03-27,,1610612747.0,Regular Season,2023-24
704,22301045,2024-03-26,,1610612747.0,Regular Season,2023-24
705,22301032,2024-03-24,1610612747.0,,Regular Season,2023-24
706,22301018,2024-03-22,1610612747.0,,Regular Season,2023-24
707,22300954,2024-03-13,,1610612747.0,Regular Season,2023-24
708,22300932,2024-03-10,1610612747.0,,Regular Season,2023-24
709,22300915,2024-03-08,1610612747.0,,Regular Season,2023-24
710,22300901,2024-03-06,1610612747.0,,Regular Season,2023-24
711,22300884,2024-03-04,1610612747.0,,Regular Season,2023-24
712,22300856,2024-02-29,1610612747.0,,Regular Season,2023-24
713,22300818,2024-02-25,,1610612747.0,Regular Season,2023-24
714,22300813,2024-02-23,1610612747.0,,Regular Season,2023-24
715,22300788,2024-02-14,,1610612747.0,Regular Season,2023-24
716,22300776,2024-02-13,1610612747.0,,Regular Season,2023-24
717,22300713,2024-02-05,,1610612747.0,Regular Season,2023-24
718,22300701,2024-02-03,,1610612747.0,Regular Season,2023-24
719,22300605,2024-01-21,1610612747.0,,Regular Season,2023-24
720,22300591,2024-01-19,1610612747.0,,Regular Season,2023-24
721,22300565,2024-01-15,1610612747.0,,Regular Season,2023-24
722,22300549,2024-01-13,,1610612747.0,Regular Season,2023-24
723,22300531,2024-01-11,1610612747.0,,Regular Season,2023-24
724,22300516,2024-01-09,1610612747.0,,Regular Season,2023-24
725,22300491,2024-01-05,1610612747.0,,Regular Season,2023-24
726,22300475,2024-01-03,1610612747.0,,Regular Season,2023-24
727,22300443,2023-12-30,,1610612747.0,Regular Season,2023-24
728,22300428,2023-12-28,1610612747.0,,Regular Season,2023-24
729,22300397,2023-12-23,,1610612747.0,Regular Season,2023-24
730,22300380,2023-12-21,,1610612747.0,Regular Season,2023-24
731,22300359,2023-12-18,1610612747.0,,Regular Season,2023-24
732,22300331,2023-12-15,,1610612747.0,Regular Season,2023-24
733,22300316,2023-12-13,,1610612747.0,Regular Season,2023-24
734,22301203,2023-12-05,1610612747.0,,Regular Season,2023-24
735,22300271,2023-11-30,,1610612747.0,Regular Season,2023-24
736,22300258,2023-11-29,,1610612747.0,Regular Season,2023-24
737,22300255,2023-11-27,,1610612747.0,Regular Season,2023-24
738,22300042,2023-11-21,1610612747.0,,Regular Season,2023-24
739,22300036,2023-11-17,,1610612747.0,Regular Season,2023-24
740,22300198,2023-11-15,1610612747.0,,Regular Season,2023-24
741,22300026,2023-11-14,1610612747.0,,Regular Season,2023-24
742,22300187,2023-11-12,1610612747.0,,Regular Season,2023-24
743,22300015,2023-11-10,,1610612747.0,Regular Season,2023-24
744,22300150,2023-11-06,,1610612747.0,Regular Season,2023-24
745,22300134,2023-11-04,,1610612747.0,Regular Season,2023-24
746,22300111,2023-10-30,1610612747.0,,Regular Season,2023-24
747,22300100,2023-10-29,,1610612747.0,Regular Season,2023-24
748,22300076,2023-10-26,1610612747.0,,Regular Season,2023-24
749,22301189,2024-04-14,1610612748.0,,Regular Season,2023-24
750,22301176,2024-04-12,1610612748.0,,Regular Season,2023-24
751,22301133,2024-04-07,,1610612748.0,Regular Season,2023-24
752,22301111,2024-04-04,1610612748.0,,Regular Season,2023-24
753,22301096,2024-04-02,1610612748.0,,Regular Season,2023-24
754,22301081,2024-03-31,,1610612748.0,Regular Season,2023-24
755,22301068,2024-03-29,1610612748.0,,Regular Season,2023-24
756,22300985,2024-03-18,,1610612748.0,Regular Season,2023-24
757,22300977,2024-03-17,,1610612748.0,Regular Season,2023-24
758,22300962,2024-03-15,,1610612748.0,Regular Season,2023-24
759,22300926,2024-03-10,1610612748.0,,Regular Season,2023-24
760,22300914,2024-03-08,,1610612748.0,Regular Season,2023-24
761,22300888,2024-03-05,1610612748.0,,Regular Season,2023-24
762,22300867,2024-03-02,1610612748.0,,Regular Season,2023-24
763,22300842,2024-02-27,,1610612748.0,Regular Season,2023-24
764,22300831,2024-02-26,,1610612748.0,Regular Season,2023-24
765,22300779,2024-02-14,,1610612748.0,Regular Season,2023-24
766,22300773,2024-02-13,,1610612748.0,Regular Season,2023-24
767,22300730,2024-02-07,1610612748.0,,Regular Season,2023-24
768,22300721,2024-02-06,1610612748.0,,Regular Season,2023-24
769,22300689,2024-02-02,,1610612748.0,Regular Season,2023-24
770,22300678,2024-01-31,1610612748.0,,Regular Season,2023-24
771,22300661,2024-01-29,1610612748.0,,Regular Season,2023-24
772,22300643,2024-01-27,,1610612748.0,Regular Season,2023-24
773,22300621,2024-01-24,1610612748.0,,Regular Season,2023-24
774,22300601,2024-01-21,,1610612748.0,Regular Season,2023-24
775,22300574,2024-01-17,,1610612748.0,Regular Season,2023-24
776,22300562,2024-01-15,,1610612748.0,Regular Season,2023-24
777,22300551,2024-01-14,1610612748.0,,Regular Season,2023-24
778,22300535,2024-01-12,1610612748.0,,Regular Season,2023-24
779,22300522,2024-01-10,1610612748.0,,Regular Season,2023-24
780,22300489,2024-01-05,,1610612748.0,Regular Season,2023-24
781,22300439,2023-12-30,,1610612748.0,Regular Season,2023-24
782,22300404,2023-12-25,1610612748.0,,Regular Season,2023-24
783,22300366,2023-12-20,,1610612748.0,Regular Season,2023-24
784,22300353,2023-12-18,1610612748.0,,Regular Season,2023-24
785,22300312,2023-12-13,1610612748.0,,Regular Season,2023-24
786,22300292,2023-12-11,,1610612748.0,Regular Season,2023-24
787,22301207,2023-12-06,,1610612748.0,Regular Season,2023-24
788,22300284,2023-12-02,1610612748.0,,Regular Season,2023-24
789,22300267,2023-11-30,1610612748.0,,Regular Season,2023-24
790,22300056,2023-11-28,1610612748.0,,Regular Season,2023-24
791,22300240,2023-11-25,,1610612748.0,Regular Season,2023-24
792,22300045,2023-11-24,,1610612748.0,Regular Season,2023-24
793,22300200,2023-11-16,1610612748.0,,Regular Season,2023-24
794,22300017,2023-11-14,,1610612748.0,Regular Season,2023-24
795,22300184,2023-11-12,,1610612748.0,Regular Season,2023-24
796,22300164,2023-11-08,,1610612748.0,Regular Season,2023-24
797,22300003,2023-11-03,1610612748.0,,Regular Season,2023-24
798,22300119,2023-11-01,1610612748.0,,Regular Season,2023-24
799,22300107,2023-10-30,,1610612748.0,Regular Season,2023-24
800,22300093,2023-10-28,,1610612748.0,Regular Season,2023-24
801,22300068,2023-10-25,1610612748.0,,Regular Season,2023-24
802,22301191,2024-04-14,,1610612749.0,Regular Season,2023-24
803,22301179,2024-04-12,,1610612749.0,Regular Season,2023-24
804,22301162,2024-04-10,1610612749.0,,Regular Season,2023-24
805,22301139,2024-04-07,1610612749.0,,Regular Season,2023-24
806,22301122,2024-04-05,1610612749.0,,Regular Season,2023-24
807,22301107,2024-04-03,1610612749.0,,Regular Season,2023-24
808,22301095,2024-04-02,,1610612749.0,Regular Season,2023-24
809,22301030,2024-03-24,1610612749.0,,Regular Season,2023-24
810,22301007,2024-03-21,1610612749.0,,Regular Season,2023-24
811,22300976,2024-03-17,1610612749.0,,Regular Season,2023-24
812,22300958,2024-03-14,1610612749.0,,Regular Season,2023-24
813,22300945,2024-03-12,,1610612749.0,Regular Season,2023-24
814,22300849,2024-02-29,,1610612749.0,Regular Season,2023-24
815,22300840,2024-02-27,1610612749.0,,Regular Season,2023-24
816,22300817,2024-02-25,,1610612749.0,Regular Season,2023-24
817,22300808,2024-02-23,,1610612749.0,Regular Season,2023-24
818,22300790,2024-02-15,,1610612749.0,Regular Season,2023-24
819,22300745,2024-02-09,1610612749.0,,Regular Season,2023-24
820,22300738,2024-02-08,1610612749.0,,Regular Season,2023-24
821,22300725,2024-02-06,,1610612749.0,Regular Season,2023-24
822,22300711,2024-02-04,,1610612749.0,Regular Season,2023-24
823,22300683,2024-01-31,,1610612749.0,Regular Season,2023-24
824,22300606,2024-01-22,,1610612749.0,Regular Season,2023-24
825,22300592,2024-01-20,,1610612749.0,Regular Season,2023-24
826,22300552,2024-01-14,1610612749.0,,Regular Season,2023-24
827,22300510,2024-01-08,1610612749.0,,Regular Season,2023-24
828,22300477,2024-01-04,,1610612749.0,Regular Season,2023-24
829,22300466,2024-01-03,,1610612749.0,Regular Season,2023-24
830,22300454,2024-01-01,1610612749.0,,Regular Season,2023-24
831,22300417,2023-12-27,,1610612749.0,Regular Season,2023-24
832,22300401,2023-12-25,,1610612749.0,Regular Season,2023-24
833,22300388,2023-12-23,,1610612749.0,Regular Season,2023-24
834,22300378,2023-12-21,1610612749.0,,Regular Season,2023-24
835,22300361,2023-12-19,1610612749.0,,Regular Season,2023-24
836,22300334,2023-12-16,1610612749.0,,Regular Season,2023-24
837,22300315,2023-12-13,1610612749.0,,Regular Season,2023-24
838,22301229,2023-12-07,1610612749.0,,Regular Season,2023-24
839,22301201,2023-12-05,1610612749.0,,Regular Season,2023-24
840,22300245,2023-11-26,1610612749.0,,Regular Season,2023-24
841,22300049,2023-11-24,1610612749.0,,Regular Season,2023-24
842,22300219,2023-11-20,,1610612749.0,Regular Season,2023-24
843,22300027,2023-11-17,,1610612749.0,Regular Season,2023-24
844,22300195,2023-11-15,,1610612749.0,Regular Season,2023-24
845,22300173,2023-11-11,,1610612749.0,Regular Season,2023-24
846,22300171,2023-11-09,,1610612749.0,Regular Season,2023-24
847,22300165,2023-11-08,1610612749.0,,Regular Season,2023-24
848,22300149,2023-11-06,,1610612749.0,Regular Season,2023-24
849,22300002,2023-11-03,1610612749.0,,Regular Season,2023-24
850,22300116,2023-11-01,,1610612749.0,Regular Season,2023-24
851,22300075,2023-10-26,1610612749.0,,Regular Season,2023-24
852,22301194,2024-04-14,1610612750.0,,Regular Season,2023-24
853,22301152,2024-04-09,1610612750.0,,Regular Season,2023-24
854,22301125,2024-04-05,,1610612750.0,Regular Season,2023-24
855,22301108,2024-04-03,1610612750.0,,Regular Season,2023-24
856,22301056,2024-03-27,1610612750.0,,Regular Season,2023-24
857,22300987,2024-03-18,,1610612750.0,Regular Season,2023-24
858,22300974,2024-03-16,,1610612750.0,Regular Season,2023-24
859,22300903,2024-03-07,,1610612750.0,Regular Season,2023-24
860,22300881,2024-03-04,1610612750.0,,Regular Season,2023-24
861,22300862,2024-03-01,1610612750.0,,Regular Season,2023-24
862,22300845,2024-02-28,1610612750.0,,Regular Season,2023-24
863,22300838,2024-02-27,1610612750.0,,Regular Season,2023-24
864,22300815,2024-02-24,1610612750.0,,Regular Season,2023-24
865,22300791,2024-02-15,,1610612750.0,Regular Season,2023-24
866,22300775,2024-02-13,,1610612750.0,Regular Season,2023-24
867,22300694,2024-02-02,1610612750.0,,Regular Season,2023-24
868,22300664,2024-01-29,,1610612750.0,Regular Season,2023-24
869,22300649,2024-01-27,,1610612750.0,Regular Season,2023-24
870,22300629,2024-01-25,,1610612750.0,Regular Season,2023-24
871,22300620,2024-01-24,,1610612750.0,Regular Season,2023-24
872,22300610,2024-01-22,1610612750.0,,Regular Season,2023-24
873,22300599,2024-01-20,1610612750.0,,Regular Season,2023-24
874,22300582,2024-01-18,1610612750.0,,Regular Season,2023-24
875,22300569,2024-01-17,,1610612750.0,Regular Season,2023-24
876,22300538,2024-01-12,1610612750.0,,Regular Season,2023-24
877,22300513,2024-01-09,,1610612750.0,Regular Season,2023-24
878,22300451,2024-01-01,,1610612750.0,Regular Season,2023-24
879,22300411,2023-12-26,,1610612750.0,Regular Season,2023-24
880,22300400,2023-12-23,,1610612750.0,Regular Season,2023-24
881,22300367,2023-12-20,,1610612750.0,Regular Season,2023-24
882,22300338,2023-12-16,1610612750.0,,Regular Season,2023-24
883,22301221,2023-12-08,,1610612750.0,Regular Season,2023-24
884,22301210,2023-12-06,1610612750.0,,Regular Season,2023-24
885,22300281,2023-12-02,,1610612750.0,Regular Season,2023-24
886,22300270,2023-11-30,1610612750.0,,Regular Season,2023-24
887,22300058,2023-11-28,1610612750.0,,Regular Season,2023-24
888,22300249,2023-11-26,,1610612750.0,Regular Season,2023-24
889,22300050,2023-11-24,1610612750.0,,Regular Season,2023-24
890,22300232,2023-11-22,1610612750.0,,Regular Season,2023-24
891,22300221,2023-11-20,1610612750.0,,Regular Season,2023-24
892,22300197,2023-11-15,,1610612750.0,Regular Season,2023-24
893,22300013,2023-11-10,,1610612750.0,Regular Season,2023-24
894,22300138,2023-11-04,1610612750.0,,Regular Season,2023-24
895,22300069,2023-10-25,,1610612750.0,Regular Season,2023-24
896,22301192,2024-04-14,,1610612751.0,Regular Season,2023-24
897,22301175,2024-04-12,,1610612751.0,Regular Season,2023-24
898,22301160,2024-04-10,1610612751.0,,Regular Season,2023-24
899,22301141,2024-04-07,1610612751.0,,Regular Season,2023-24
900,22301128,2024-04-06,1610612751.0,,Regular Season,2023-24
901,22301106,2024-04-03,1610612751.0,,Regular Season,2023-24
902,22301089,2024-04-01,,1610612751.0,Regular Season,2023-24
903,22301050,2024-03-27,,1610612751.0,Regular Season,2023-24
904,22301036,2024-03-25,,1610612751.0,Regular Season,2023-24
905,22301019,2024-03-23,,1610612751.0,Regular Season,2023-24
906,22300981,2024-03-17,,1610612751.0,Regular Season,2023-24
907,22300968,2024-03-16,,1610612751.0,Regular Season,2023-24
908,22300947,2024-03-13,,1610612751.0,Regular Season,2023-24
909,22300918,2024-03-09,,1610612751.0,Regular Season,2023-24
910,22300902,2024-03-07,,1610612751.0,Regular Season,2023-24
911,22300887,2024-03-05,1610612751.0,,Regular Season,2023-24
912,22300879,2024-03-04,1610612751.0,,Regular Season,2023-24
913,22300833,2024-02-27,,1610612751.0,Regular Season,2023-24
914,22300830,2024-02-26,,1610612751.0,Regular Season,2023-24
915,22300795,2024-02-22,,1610612751.0,Regular Season,2023-24
916,22300750,2024-02-10,1610612751.0,,Regular Season,2023-24
917,22300698,2024-02-03,,1610612751.0,Regular Season,2023-24
918,22300677,2024-01-31,1610612751.0,,Regular Season,2023-24
919,22300660,2024-01-29,1610612751.0,,Regular Season,2023-24
920,22300615,2024-01-23,1610612751.0,,Regular Season,2023-24
921,22300578,2024-01-17,,1610612751.0,Regular Season,2023-24
922,22300498,2024-01-07,1610612751.0,,Regular Season,2023-24
923,22300481,2024-01-05,1610612751.0,,Regular Season,2023-24
924,22300447,2023-12-31,,1610612751.0,Regular Season,2023-24
925,22300430,2023-12-29,,1610612751.0,Regular Season,2023-24
926,22300406,2023-12-26,,1610612751.0,Regular Season,2023-24
927,22300394,2023-12-23,1610612751.0,,Regular Season,2023-24
928,22300368,2023-12-20,1610612751.0,,Regular Season,2023-24
929,22300357,2023-12-18,,1610612751.0,Regular Season,2023-24
930,22300317,2023-12-13,,1610612751.0,Regular Season,2023-24
931,22300303,2023-12-11,,1610612751.0,Regular Season,2023-24
932,22301219,2023-12-08,1610612751.0,,Regular Season,2023-24
933,22300282,2023-12-02,1610612751.0,,Regular Season,2023-24
934,22300266,2023-11-30,1610612751.0,,Regular Season,2023-24
935,22300054,2023-11-28,1610612751.0,,Regular Season,2023-24
936,22300208,2023-11-19,1610612751.0,,Regular Season,2023-24
937,22300020,2023-11-14,1610612751.0,,Regular Season,2023-24
938,22300178,2023-11-12,1610612751.0,,Regular Season,2023-24
939,22300101,2023-10-30,,1610612751.0,Regular Season,2023-24
940,22301112,2024-04-04,1610612752.0,,Regular Season,2023-24
941,22301082,2024-03-31,1610612752.0,,Regular Season,2023-24
942,22301070,2024-03-29,,1610612752.0,Regular Season,2023-24
943,22301053,2024-03-27,,1610612752.0,Regular Season,2023-24
944,22301035,2024-03-25,1610612752.0,,Regular Season,2023-24
945,22300975,2024-03-16,,1610612752.0,Regular Season,2023-24
946,22300960,2024-03-14,,1610612752.0,Regular Season,2023-24
947,22300939,2024-03-12,1610612752.0,,Regular Season,2023-24
948,22300927,2024-03-10,1610612752.0,,Regular Season,2023-24
949,22300912,2024-03-08,1610612752.0,,Regular Season,2023-24
950,22300828,2024-02-26,1610612752.0,,Regular Season,2023-24
951,22300794,2024-02-22,,1610612752.0,Regular Season,2023-24
952,22300778,2024-02-14,,1610612752.0,Regular Season,2023-24
953,22300755,2024-02-10,1610612752.0,,Regular Season,2023-24
954,22300722,2024-02-06,1610612752.0,,Regular Season,2023-24
955,22300685,2024-02-01,1610612752.0,,Regular Season,2023-24
956,22300671,2024-01-30,1610612752.0,,Regular Season,2023-24
957,22300657,2024-01-29,,1610612752.0,Regular Season,2023-24
958,22300596,2024-01-20,1610612752.0,,Regular Season,2023-24
959,22300579,2024-01-18,1610612752.0,,Regular Season,2023-24
960,22300557,2024-01-15,1610612752.0,,Regular Season,2023-24
961,22300544,2024-01-13,,1610612752.0,Regular Season,2023-24
962,22300514,2024-01-09,1610612752.0,,Regular Season,2023-24
963,22300494,2024-01-06,,1610612752.0,Regular Season,2023-24
964,22300483,2024-01-05,,1610612752.0,Regular Season,2023-24
965,22300441,2023-12-30,,1610612752.0,Regular Season,2023-24
966,22300429,2023-12-29,,1610612752.0,Regular Season,2023-24
967,22300419,2023-12-27,,1610612752.0,Regular Season,2023-24
968,22300333,2023-12-15,,1610612752.0,Regular Season,2023-24
969,22300318,2023-12-13,,1610612752.0,Regular Season,2023-24
970,22300297,2023-12-11,1610612752.0,,Regular Season,2023-24
971,22300276,2023-12-01,,1610612752.0,Regular Season,2023-24
972,22300268,2023-11-30,1610612752.0,,Regular Season,2023-24
973,22300057,2023-11-28,1610612752.0,,Regular Season,2023-24
974,22300247,2023-11-26,1610612752.0,,Regular Season,2023-24
975,22300202,2023-11-18,,1610612752.0,Regular Season,2023-24
976,22300028,2023-11-17,,1610612752.0,Regular Season,2023-24
977,22300177,2023-11-12,1610612752.0,,Regular Season,2023-24
978,22300161,2023-11-08,1610612752.0,,Regular Season,2023-24
979,22301171,2024-04-12,,1610612753.0,Regular Season,2023-24
980,22301115,2024-04-05,,1610612753.0,Regular Season,2023-24
981,22301090,2024-04-01,1610612753.0,,Regular Season,2023-24
982,22301075,2024-03-30,1610612753.0,,Regular Season,2023-24
983,22301020,2024-03-23,1610612753.0,,Regular Season,2023-24
984,22300991,2024-03-19,1610612753.0,,Regular Season,2023-24
985,22300979,2024-03-17,1610612753.0,,Regular Season,2023-24
986,22300963,2024-03-15,,1610612753.0,Regular Season,2023-24
987,22300928,2024-03-10,1610612753.0,,Regular Season,2023-24
988,22300894,2024-03-06,,1610612753.0,Regular Season,2023-24
989,22300885,2024-03-05,,1610612753.0,Regular Season,2023-24
990,22300874,2024-03-03,1610612753.0,,Regular Season,2023-24
991,22300850,2024-02-29,1610612753.0,,Regular Season,2023-24
992,22300814,2024-02-24,,1610612753.0,Regular Season,2023-24
993,22300772,2024-02-13,1610612753.0,,Regular Season,2023-24
994,22300734,2024-02-08,1610612753.0,,Regular Season,2023-24
995,22300704,2024-02-04,,1610612753.0,Regular Season,2023-24
996,22300681,2024-01-31,,1610612753.0,Regular Season,2023-24
997,22300655,2024-01-28,1610612753.0,,Regular Season,2023-24
998,22300638,2024-01-26,,1610612753.0,Regular Season,2023-24
999,22300585,2024-01-19,1610612753.0,,Regular Season,2023-24
1000,22300546,2024-01-13,,1610612753.0,Regular Season,2023-24
1001,22300476,2024-01-03,,1610612753.0,Regular Season,2023-24
1002,22300450,2023-12-31,,1610612753.0,Regular Season,2023-24
1003,22300415,2023-12-27,1610612753.0,,Regular Season,2023-24
1004,22300407,2023-12-26,,1610612753.0,Regular Season,2023-24
1005,22300391,2023-12-23,,1610612753.0,Regular Season,2023-24
1006,22301217,2023-12-08,1610612753.0,,Regular Season,2023-24
1007,22300274,2023-12-01,1610612753.0,,Regular Season,2023-24
1008,22300259,2023-11-29,1610612753.0,,Regular Season,2023-24
1009,22300248,2023-11-26,1610612753.0,,Regular Season,2023-24
1010,22300038,2023-11-21,1610612753.0,,Regular Season,2023-24
1011,22300209,2023-11-19,,1610612753.0,Regular Season,2023-24
1012,22300130,2023-11-02,,1610612753.0,Regular Season,2023-24
1013,22300086,2023-10-27,,1610612753.0,Regular Season,2023-24
1014,22301146,2024-04-09,,1610612754.0,Regular Season,2023-24
1015,22301116,2024-04-05,1610612754.0,,Regular Season,2023-24
1016,22300997,2024-03-20,,1610612754.0,Regular Season,2023-24
1017,22300941,2024-03-12,,1610612754.0,Regular Season,2023-24
1018,22300877,2024-03-03,,1610612754.0,Regular Season,2023-24
1019,22300829,2024-02-26,1610612754.0,,Regular Season,2023-24
1020,22300793,2024-02-22,1610612754.0,,Regular Season,2023-24
1021,22300782,2024-02-14,,1610612754.0,Regular Season,2023-24
1022,22300761,2024-02-12,,1610612754.0,Regular Season,2023-24
1023,22300707,2024-02-04,,1610612754.0,Regular Season,2023-24
1024,22300691,2024-02-02,1610612754.0,,Regular Season,2023-24
1025,22300652,2024-01-28,1610612754.0,,Regular Season,2023-24
1026,22300636,2024-01-26,1610612754.0,,Regular Season,2023-24
1027,22300627,2024-01-25,1610612754.0,,Regular Season,2023-24
1028,22300604,2024-01-21,,1610612754.0,Regular Season,2023-24
1029,22300590,2024-01-19,,1610612754.0,Regular Season,2023-24
1030,22300583,2024-01-18,,1610612754.0,Regular Season,2023-24
1031,22300564,2024-01-15,,1610612754.0,Regular Season,2023-24
1032,22300520,2024-01-10,1610612754.0,,Regular Season,2023-24
1033,22300377,2023-12-21,,1610612754.0,Regular Season,2023-24
1034,22300365,2023-12-20,1610612754.0,,Regular Season,2023-24
1035,22300328,2023-12-15,,1610612754.0,Regular Season,2023-24
1036,22300293,2023-12-11,,1610612754.0,Regular Season,2023-24
1037,22300254,2023-11-27,1610612754.0,,Regular Season,2023-24
1038,22300047,2023-11-24,1610612754.0,,Regular Season,2023-24
1039,22300230,2023-11-22,1610612754.0,,Regular Season,2023-24
1040,22300019,2023-11-14,,1610612754.0,Regular Season,2023-24
1041,22300180,2023-11-12,,1610612754.0,Regular Season,2023-24
1042,22300158,2023-11-08,1610612754.0,,Regular Season,2023-24
1043,22300146,2023-11-06,1610612754.0,,Regular Season,2023-24
1044,22300133,2023-11-04,1610612754.0,,Regular Season,2023-24
1045,22300064,2023-10-25,1610612754.0,,Regular Season,2023-24
1046,22301145,2024-04-09,1610612755.0,,Regular Season,2023-24
1047,22301140,2024-04-07,,1610612755.0,Regular Season,2023-24
1048,22301129,2024-04-06,,1610612755.0,Regular Season,2023-24
1049,22301093,2024-04-02,1610612755.0,,Regular Season,2023-24
1050,22301080,2024-03-31,,1610612755.0,Regular Season,2023-24
1051,22301042,2024-03-25,,1610612755.0,Regular Season,2023-24
1052,22301002,2024-03-20,,1610612755.0,Regular Season,2023-24
1053,22300969,2024-03-16,1610612755.0,,Regular Season,2023-24
1054,22300896,2024-03-06,1610612755.0,,Regular Season,2023-24
1055,22300858,2024-03-01,1610612755.0,,Regular Season,2023-24
1056,22300753,2024-02-10,,1610612755.0,Regular Season,2023-24
1057,22300686,2024-02-01,,1610612755.0,Regular Season,2023-24
1058,22300668,2024-01-29,,1610612755.0,Regular Season,2023-24
1059,22300608,2024-01-22,1610612755.0,,Regular Season,2023-24
1060,22300593,2024-01-20,,1610612755.0,Regular Season,2023-24
1061,22300532,2024-01-12,1610612755.0,,Regular Season,2023-24
1062,22300495,2024-01-06,1610612755.0,,Regular Season,2023-24
1063,22300382,2023-12-22,1610612755.0,,Regular Season,2023-24
1064,22300335,2023-12-16,,1610612755.0,Regular Season,2023-24
1065,22300327,2023-12-15,1610612755.0,,Regular Season,2023-24
1066,22300310,2023-12-13,,1610612755.0,Regular Season,2023-24
1067,22300295,2023-12-11,1610612755.0,,Regular Season,2023-24
1068,22301208,2023-12-06,,1610612755.0,Regular Season,2023-24
1069,22300239,2023-11-25,,1610612755.0,Regular Season,2023-24
1070,22300008,2023-11-10,,1610612755.0,Regular Season,2023-24
1071,22300148,2023-11-06,1610612755.0,,Regular Season,2023-24
1072,22300132,2023-11-04,1610612755.0,,Regular Season,2023-24
1073,22300128,2023-11-02,1610612755.0,,Regular Season,2023-24
1074,22300098,2023-10-29,1610612755.0,,Regular Season,2023-24
1075,22300092,2023-10-28,,1610612755.0,Regular Season,2023-24
1076,22301185,2024-04-12,,1610612756.0,Regular Season,2023-24
1077,22301069,2024-03-29,,1610612756.0,Regular Season,2023-24
1078,22301039,2024-03-25,,1610612756.0,Regular Season,2023-24
1079,22301025,2024-03-23,,1610612756.0,Regular Season,2023-24
1080,22300961,2024-03-15,,1610612756.0,Regular Season,2023-24
1081,22300905,2024-03-07,1610612756.0,,Regular Season,2023-24
1082,22300878,2024-03-03,1610612756.0,,Regular Season,2023-24
1083,22300787,2024-02-14,1610612756.0,,Regular Season,2023-24
1084,22300774,2024-02-13,1610612756.0,,Regular Season,2023-24
1085,22300739,2024-02-08,1610612756.0,,Regular Season,2023-24
1086,22300705,2024-02-04,,1610612756.0,Regular Season,2023-24
1087,22300567,2024-01-16,1610612756.0,,Regular Season,2023-24
1088,22300554,2024-01-14,,1610612756.0,Regular Season,2023-24
1089,22300503,2024-01-07,1610612756.0,,Regular Season,2023-24
1090,22300456,2024-01-01,1610612756.0,,Regular Season,2023-24
1091,22300436,2023-12-29,1610612756.0,,Regular Season,2023-24
1092,22300387,2023-12-22,,1610612756.0,Regular Season,2023-24
1093,22300363,2023-12-19,,1610612756.0,Regular Season,2023-24
1094,22300347,2023-12-17,1610612756.0,,Regular Season,2023-24
1095,22301228,2023-12-08,1610612756.0,,Regular Season,2023-24
1096,22300288,2023-12-02,1610612756.0,,Regular Season,2023-24
1097,22300260,2023-11-29,,1610612756.0,Regular Season,2023-24
1098,22300044,2023-11-24,,1610612756.0,Regular Season,2023-24
1099,22300041,2023-11-21,1610612756.0,,Regular Season,2023-24
1100,22300214,2023-11-19,,1610612756.0,Regular Season,2023-24
1101,22300035,2023-11-17,,1610612756.0,Regular Season,2023-24
1102,22300185,2023-11-12,1610612756.0,,Regular Season,2023-24
1103,22300140,2023-11-05,,1610612756.0,Regular Season,2023-24
1104,22300131,2023-11-02,1610612756.0,,Regular Season,2023-24
1105,22300113,2023-10-31,1610612756.0,,Regular Season,2023-24
1106,22300094,2023-10-28,1610612756.0,,Regular Season,2023-24
1107,22301200,2024-04-14,,1610612757.0,Regular Season,2023-24
1108,22301117,2024-04-05,,1610612757.0,Regular Season,2023-24
1109,22301102,2024-04-03,,1610612757.0,Regular Season,2023-24
1110,22300923,2024-03-09,1610612757.0,,Regular Season,2023-24
1111,22300900,2024-03-06,1610612757.0,,Regular Season,2023-24
1112,22300868,2024-03-02,,1610612757.0,Regular Season,2023-24
1113,22300861,2024-03-01,,1610612757.0,Regular Season,2023-24
1114,22300826,2024-02-25,1610612757.0,,Regular Season,2023-24
1115,22300741,2024-02-08,1610612757.0,,Regular Season,2023-24
1116,22300641,2024-01-26,,1610612757.0,Regular Season,2023-24
1117,22300617,2024-01-23,,1610612757.0,Regular Season,2023-24
1118,22300529,2024-01-11,,1610612757.0,Regular Season,2023-24
1119,22300437,2023-12-29,1610612757.0,,Regular Season,2023-24
1120,22300427,2023-12-28,1610612757.0,,Regular Season,2023-24
1121,22300413,2023-12-26,1610612757.0,,Regular Season,2023-24
1122,22300381,2023-12-21,1610612757.0,,Regular Season,2023-24
1123,22300323,2023-12-14,1610612757.0,,Regular Season,2023-24
1124,22300289,2023-12-02,,1610612757.0,Regular Season,2023-24
1125,22300237,2023-11-22,1610612757.0,,Regular Season,2023-24
1126,22300215,2023-11-19,1610612757.0,,Regular Season,2023-24
1127,22300023,2023-11-14,,1610612757.0,Regular Season,2023-24
1128,22300170,2023-11-08,,1610612757.0,Regular Season,2023-24
1129,22300144,2023-11-05,1610612757.0,,Regular Season,2023-24
1130,22300007,2023-11-03,1610612757.0,,Regular Season,2023-24
1131,22300115,2023-11-01,,1610612757.0,Regular Season,2023-24
1132,22300105,2023-10-30,,1610612757.0,Regular Season,2023-24
1133,22301153,2024-04-09,,1610612758.0,Regular Season,2023-24
1134,22301086,2024-03-31,1610612758.0,,Regular Season,2023-24
1135,22301005,2024-03-21,,1610612758.0,Regular Season,2023-24
1136,22300999,2024-03-20,,1610612758.0,Regular Season,2023-24
1137,22300989,2024-03-18,1610612758.0,,Regular Season,2023-24
1138,22300908,2024-03-07,1610612758.0,,Regular Season,2023-24
1139,22300803,2024-02-22,1610612758.0,,Regular Season,2023-24
1140,22300760,2024-02-11,,1610612758.0,Regular Season,2023-24
1141,22300732,2024-02-07,1610612758.0,,Regular Season,2023-24
1142,22300663,2024-01-29,,1610612758.0,Regular Season,2023-24
1143,22300518,2024-01-10,,1610612758.0,Regular Season,2023-24
1144,22300512,2024-01-09,,1610612758.0,Regular Season,2023-24
1145,22300492,2024-01-05,1610612758.0,,Regular Season,2023-24
1146,22300464,2024-01-02,1610612758.0,,Regular Season,2023-24
1147,22300449,2023-12-31,,1610612758.0,Regular Season,2023-24
1148,22300358,2023-12-18,1610612758.0,,Regular Season,2023-24
1149,22300342,2023-12-16,1610612758.0,,Regular Season,2023-24
1150,22300324,2023-12-14,1610612758.0,,Regular Season,2023-24
1151,22300032,2023-11-17,,1610612758.0,Regular Season,2023-24
1152,22300016,2023-11-10,1610612758.0,,Regular Season,2023-24
1153,22300072,2023-10-25,,1610612758.0,Regular Season,2023-24
1154,22301197,2024-04-14,1610612759.0,,Regular Season,2023-24
1155,22301163,2024-04-10,,1610612759.0,Regular Season,2023-24
1156,22301151,2024-04-09,,1610612759.0,Regular Season,2023-24
1157,22301058,2024-03-27,,1610612759.0,Regular Season,2023-24
1158,22301015,2024-03-22,1610612759.0,,Regular Season,2023-24
1159,22300853,2024-02-29,1610612759.0,,Regular Season,2023-24
1160,22300825,2024-02-25,,1610612759.0,Regular Season,2023-24
1161,22300764,2024-02-12,,1610612759.0,Regular Season,2023-24
1162,22300665,2024-01-29,1610612759.0,,Regular Season,2023-24
1163,22300622,2024-01-24,1610612759.0,,Regular Season,2023-24
1164,22300594,2024-01-20,,1610612759.0,Regular Season,2023-24
1165,22300584,2024-01-19,,1610612759.0,Regular Season,2023-24
1166,22300541,2024-01-12,1610612759.0,,Regular Season,2023-24
1167,22300519,2024-01-10,,1610612759.0,Regular Season,2023-24
1168,22300460,2024-01-02,,1610612759.0,Regular Season,2023-24
1169,22300412,2023-12-26,1610612759.0,,Regular Season,2023-24
1170,22300206,2023-11-18,1610612759.0,,Regular Season,2023-24
1171,22300021,2023-11-14,,1610612759.0,Regular Season,2023-24
1172,22300141,2023-11-05,1610612759.0,,Regular Season,2023-24
1173,22301135,2024-04-07,,1610612760.0,Regular Season,2023-24
1174,22301012,2024-03-22,,1610612760.0,Regular Season,2023-24
1175,22301000,2024-03-20,1610612760.0,,Regular Season,2023-24
1176,22300972,2024-03-16,,1610612760.0,Regular Season,2023-24
1177,22300931,2024-03-10,1610612760.0,,Regular Season,2023-24
1178,22300809,2024-02-23,1610612760.0,,Regular Season,2023-24
1179,22300724,2024-02-06,,1610612760.0,Regular Season,2023-24
1180,22300710,2024-02-04,1610612760.0,,Regular Season,2023-24
1181,22300695,2024-02-02,1610612760.0,,Regular Season,2023-24
1182,22300654,2024-01-28,,1610612760.0,Regular Season,2023-24
1183,22300581,2024-01-18,,1610612760.0,Regular Season,2023-24
1184,22300508,2024-01-08,,1610612760.0,Regular Season,2023-24
1185,22300355,2023-12-18,1610612760.0,,Regular Season,2023-24
1186,22300302,2023-12-11,1610612760.0,,Regular Season,2023-24
1187,22300109,2023-10-30,1610612760.0,,Regular Season,2023-24
1188,22301137,2024-04-07,1610612761.0,,Regular Season,2023-24
1189,22301022,2024-03-23,,1610612761.0,Regular Season,2023-24
1190,22300946,2024-03-13,,1610612761.0,Regular Season,2023-24
1191,22300875,2024-03-03,1610612761.0,,Regular Season,2023-24
1192,22300726,2024-02-07,,1610612761.0,Regular Season,2023-24
1193,22300609,2024-01-22,1610612761.0,,Regular Season,2023-24
1194,22300540,2024-01-12,,1610612761.0,Regular Season,2023-24
1195,22300470,2024-01-03,,1610612761.0,Regular Season,2023-24
1196,22300440,2023-12-30,,1610612761.0,Regular Season,2023-24
1197,22300416,2023-12-27,,1610612761.0,Regular Season,2023-24
1198,22300395,2023-12-23,1610612761.0,,Regular Season,2023-24
1199,22300354,2023-12-18,1610612761.0,,Regular Season,2023-24
1200,22301216,2023-12-08,,1610612761.0,Regular Season,2023-24
1201,22300211,2023-11-19,1610612761.0,,Regular Season,2023-24
1202,22300189,2023-11-13,1610612761.0,,Regular Season,2023-24
1203,22300882,2024-03-04,1610612762.0,,Regular Season,2023-24
1204,22300801,2024-02-22,1610612762.0,,Regular Season,2023-24
1205,22300647,2024-01-27,,1610612762.0,Regular Season,2023-24
1206,22300628,2024-01-25,,1610612762.0,Regular Season,2023-24
1207,22300474,2024-01-03,1610612762.0,,Regular Season,2023-24
1208,22300374,2023-12-21,,1610612762.0,Regular Season,2023-24
1209,22300261,2023-11-29,,1610612762.0,Regular Season,2023-24
1210,22300012,2023-11-10,,1610612762.0,Regular Season,2023-24
1211,22300125,2023-11-01,1610612762.0,,Regular Season,2023-24
1212,22301121,2024-04-05,1610612763.0,,Regular Season,2023-24
1213,22301088,2024-04-01,,1610612763.0,Regular Season,2023-24
1214,22300950,2024-03-13,1610612763.0,,Regular Season,2023-24
1215,22300940,2024-03-12,1610612763.0,,Regular Season,2023-24
1216,22300751,2024-02-10,,1610612763.0,Regular Season,2023-24
1217,22301206,2023-12-06,,1610612763.0,Regular Season,2023-24
1218,22300089,2023-10-28,,1610612763.0,Regular Season,2023-24
1219,22301065,2024-03-29,1610612764.0,,Regular Season,2023-24
1220,22300910,2024-03-08,1610612764.0,,Regular Season,2023-24
1221,22300642,2024-01-27,,1610612764.0,Regular Season,2023-24
1222,22300558,2024-01-15,1610612764.0,,Regular Season,2023-24
1223,22300253,2023-11-27,,1610612764.0,Regular Season,2023-24
1224,22300225,2023-11-22,,1610612764.0,Regular Season,2023-24
1225,22300009,2023-11-10,1610612764.0,,Regular Season,2023-24
1226,22300157,2023-11-08,,1610612764.0,Regular Season,2023-24
1227,22300933,2024-03-11,1610612765.0,,Regular Season,2023-24
1228,22300619,2024-01-24,1610612765.0,,Regular Season,2023-24
1229,22300077,2023-10-27,,1610612765.0,Regular Season,2023-24
1230,42300202,2024-05-09,1610612738.0,,Playoffs,2023-24
1231,42300201,2024-05-07,1610612738.0,,Playoffs,2023-24
1232,42300105,2024-05-01,1610612738.0,,Playoffs,2023-24
1233,42300104,2024-04-29,,1610612738.0,Playoffs,2023-24
1234,42300103,2024-04-27,,1610612738.0,Playoffs,2023-24
1235,42300102,2024-04-24,1610612738.0,,Playoffs,2023-24
1236,42300101,2024-04-21,1610612738.0,,Playoffs,2023-24
1237,42300137,2024-05-05,1610612739.0,,Playoffs,2023-24
1238,42300136,2024-05-03,,1610612739.0,Playoffs,2023-24
1239,42300135,2024-04-30,1610612739.0,,Playoffs,2023-24
1240,42300134,2024-04-27,,1610612739.0,Playoffs,2023-24
1241,42300133,2024-04-25,,1610612739.0,Playoffs,2023-24
1242,42300132,2024-04-22,1610612739.0,,Playoffs,2023-24
1243,42300131,2024-04-20,1610612739.0,,Playoffs,2023-24
1244,42300144,2024-04-29,1610612740.0,,Playoffs,2023-24
1245,42300143,2024-04-27,1610612740.0,,Playoffs,2023-24
1246,42300142,2024-04-24,,1610612740.0,Playoffs,2023-24
1247,42300141,2024-04-21,,1610612740.0,Playoffs,2023-24
1248,42300222,2024-05-09,,1610612742.0,Playoffs,2023-24
1249,42300221,2024-05-07,,1610612742.0,Playoffs,2023-24
1250,42300176,2024-05-03,1610612742.0,,Playoffs,2023-24
1251,42300175,2024-05-01,,1610612742.0,Playoffs,2023-24
1252,42300174,2024-04-28,1610612742.0,,Playoffs,2023-24
1253,42300173,2024-04-26,1610612742.0,,Playoffs,2023-24
1254,42300172,2024-04-23,,1610612742.0,Playoffs,2023-24
1255,42300171,2024-04-21,,1610612742.0,Playoffs,2023-24
1256,42300233,2024-05-10,,1610612743.0,Playoffs,2023-24
1257,42300232,2024-05-06,1610612743.0,,Playoffs,2023-24
1258,42300231,2024-05-04,1610612743.0,,Playoffs,2023-24
1259,42300155,2024-04-29,1610612743.0,,Playoffs,2023-24
1260,42300154,2024-04-27,,1610612743.0,Playoffs,2023-24
1261,42300153,2024-04-25,,1610612743.0,Playoffs,2023-24
1262,42300152,2024-04-22,1610612743.0,,Playoffs,2023-24
1263,42300151,2024-04-20,1610612743.0,,Playoffs,2023-24
1264,42300126,2024-05-02,,1610612749.0,Playoffs,2023-24
1265,42300125,2024-04-30,1610612749.0,,Playoffs,2023-24
1266,42300124,2024-04-28,,1610612749.0,Playoffs,2023-24
1267,42300123,2024-04-26,,1610612749.0,Playoffs,2023-24
1268,42300122,2024-04-23,1610612749.0,,Playoffs,2023-24
1269,42300121,2024-04-21,1610612749.0,,Playoffs,2023-24
1270,42300164,2024-04-28,,1610612750.0,Playoffs,2023-24
1271,42300163,2024-04-26,,1610612750.0,Playoffs,2023-24
1272,42300162,2024-04-23,1610612750.0,,Playoffs,2023-24
1273,42300161,2024-04-20,1610612750.0,,Playoffs,2023-24
1274,42300213,2024-05-10,,1610612752.0,Playoffs,2023-24
1275,42300212,2024-05-08,1610612752.0,,Playoffs,2023-24
1276,42300211,2024-05-06,1610612752.0,,Playoffs,2023-24
1277,42300116,2024-05-02,,1610612752.0,Playoffs,2023-24
1278,42300115,2024-04-30,1610612752.0,,Playoffs,2023-24
1279,42300114,2024-04-28,,1610612752.0,Playoffs,2023-24
1280,42300113,2024-04-25,,1610612752.0,Playoffs,2023-24
1281,42300112,2024-04-22,1610612752.0,,Playoffs,2023-24
1282,42300111,2024-04-20,1610612752.0,,Playoffs,2023-24
1283,42300223,2024-05-11,1610612742.0,,Playoffs,2023-24
1284,42300203,2024-05-11,,1610612738.0,Playoffs,2023-24
