,id,player_id,game_id,points,assists,rebounds,steals,blocks,turnovers,fouls,minutes,fg_made,fg_attempts,fg_percentage,fg3_made,fg3_attempts,fg3_percentage,ft_made,ft_attempts,ft_percentage,plus_minus
0,26419,1,22301147,13,3,8,1,0,1,2,24,6,7,0.857,1,1,1.0,0,0,0.0,-14
1,26420,1,22301130,17,4,6,1,0,6,0,34,8,18,0.444,1,5,0.2,0,0,0.0,-8
2,26421,1,22301124,6,4,16,1,0,2,1,36,3,12,0.25,0,1,0.0,0,0,0.0,-11
3,26422,1,22301104,28,11,14,4,1,3,0,37,10,14,0.714,2,4,0.5,6,7,0.857,12
4,26423,1,22301091,11,1,4,2,0,1,2,25,4,12,0.333,2,5,0.4,1,2,0.5,15
5,26424,1,22300990,25,4,9,0,1,1,1,32,9,20,0.45,2,11,0.182,5,6,0.833,-22
6,26425,1,22300982,18,6,12,3,2,1,4,36,7,14,0.5,3,3,1.0,1,1,1.0,16
7,26426,1,22300966,26,5,5,0,0,3,1,35,8,23,0.348,4,8,0.5,6,10,0.6,-2
8,26427,1,22300895,7,4,4,0,1,1,1,19,3,5,0.6,1,2,0.5,0,0,0.0,12
9,26428,1,22300889,26,7,9,1,0,1,4,38,12,17,0.706,2,3,0.667,0,0,0.0,23
10,26429,1,22300866,7,1,9,0,0,1,1,35,3,12,0.25,0,4,0.0,1,2,0.5,-10
11,26430,1,22300851,14,0,5,0,2,2,1,33,5,12,0.417,1,4,0.25,3,4,0.75,-38
12,26431,1,22300835,22,6,13,1,0,5,3,35,9,14,0.643,2,4,0.5,2,2,1.0,33
13,26432,1,22300821,21,7,10,1,2,0,3,39,9,19,0.474,2,5,0.4,1,1,1.0,16
14,26433,1,22300804,12,4,12,1,3,1,0,37,6,13,0.462,0,2,0.0,0,3,0.0,7
15,26434,1,22300777,19,0,12,0,2,2,3,38,9,18,0.5,0,5,0.0,1,2,0.5,-20
16,26435,1,22300763,13,2,8,0,0,0,3,35,5,9,0.556,0,2,0.0,3,4,0.75,-13
17,26436,2,22301188,0,2,3,0,0,0,0,6,0,0,0.0,0,0,0.0,0,0,0.0,-6
18,26437,2,22301159,6,5,2,1,0,2,0,20,3,5,0.6,0,0,0.0,0,1,0.0,-13
19,26438,2,22301076,2,0,1,0,0,1,0,6,1,3,0.333,0,0,0.0,0,0,0.0,1
20,26439,2,22301060,4,1,0,0,0,1,0,6,2,2,1.0,0,0,0.0,0,0,0.0,-2
21,26440,2,22301051,2,4,2,0,0,0,0,16,0,4,0.0,0,1,0.0,2,2,1.0,-5
22,26441,2,22301034,0,1,2,0,1,1,0,7,0,2,0.0,0,0,0.0,0,0,0.0,-4
23,26442,2,22301021,4,9,1,2,0,1,0,17,2,5,0.4,0,1,0.0,0,0,0.0,18
24,26443,2,22301010,2,4,1,1,0,1,1,10,1,2,0.5,0,1,0.0,0,0,0.0,-9
25,26444,2,22300990,2,6,4,0,0,1,0,22,1,2,0.5,0,0,0.0,0,0,0.0,-14
26,26445,2,22300982,2,3,1,0,0,0,1,16,1,3,0.333,0,0,0.0,0,0,0.0,9
27,26446,2,22300966,0,4,2,0,1,0,1,19,0,1,0.0,0,0,0.0,0,0,0.0,-7
28,26447,2,22300953,6,4,0,0,0,1,0,11,2,4,0.5,0,0,0.0,2,2,1.0,2
29,26448,2,22300925,0,0,1,0,0,0,1,7,0,1,0.0,0,0,0.0,0,0,0.0,-8
30,26449,2,22300913,2,0,1,0,0,0,0,8,1,2,0.5,0,0,0.0,0,0,0.0,-8
31,26450,2,22300895,6,1,3,0,0,0,1,14,3,4,0.75,0,0,0.0,0,0,0.0,3
32,26451,2,22300889,5,4,1,0,0,0,2,11,2,2,1.0,0,0,0.0,1,2,0.5,14
33,26452,2,22300866,0,1,0,0,0,0,0,2,0,0,0.0,0,0,0.0,0,0,0.0,2
34,26453,2,22300851,0,1,0,0,0,0,0,5,0,1,0.0,0,0,0.0,0,0,0.0,-2
35,26514,22,42300104,7,0,3,0,0,0,1,14,1,5,0.2,1,3,0.333,4,4,1.0,9
36,26515,22,42300103,18,2,5,1,2,0,3,27,5,9,0.556,3,5,0.6,5,6,0.833,12
37,26516,22,42300102,6,4,8,3,2,2,3,30,1,9,0.111,0,4,0.0,4,4,1.0,-32
38,26517,22,42300101,18,1,4,1,2,2,3,34,7,13,0.538,4,8,0.5,0,0,0.0,17
39,26478,22,42300104,7,0,3,0,0,0,1,14,1,5,0.2,1,3,0.333,4,4,1.0,9
40,26479,22,42300103,18,2,5,1,2,0,3,27,5,9,0.556,3,5,0.6,5,6,0.833,12
41,26480,22,42300102,6,4,8,3,2,2,3,30,1,9,0.111,0,4,0.0,4,4,1.0,-32
42,26481,22,42300101,18,1,4,1,2,2,3,34,7,13,0.538,4,8,0.5,0,0,0.0,17
43,26539,19,42300203,33,6,13,1,1,5,2,42,11,25,0.44,2,8,0.25,9,9,1.0,8
44,26540,19,42300202,25,6,7,1,0,1,3,38,7,17,0.412,2,5,0.4,9,11,0.818,-22
45,26541,19,42300201,18,5,11,0,3,1,3,35,7,19,0.368,0,5,0.0,4,4,1.0,18
46,26542,19,42300105,16,3,12,0,1,2,2,32,4,9,0.444,2,4,0.5,6,9,0.667,35
47,26543,19,42300104,20,5,11,0,0,1,3,37,5,14,0.357,2,6,0.333,8,8,1.0,12
48,26544,19,42300103,22,6,11,0,1,0,3,39,6,16,0.375,2,7,0.286,8,12,0.667,22
49,26545,19,42300102,28,3,8,0,1,3,3,41,10,20,0.5,2,6,0.333,6,8,0.75,6
50,26546,19,42300101,23,10,10,2,0,3,4,41,7,18,0.389,1,8,0.125,8,8,1.0,3
51,26547,20,42300203,18,5,8,0,1,1,1,38,7,10,0.7,3,4,0.75,1,2,0.5,15
52,26548,20,42300202,4,3,2,2,0,0,2,35,2,7,0.286,0,2,0.0,0,0,0.0,-21
53,26549,20,42300201,14,2,6,0,1,0,2,36,6,14,0.429,2,7,0.286,0,0,0.0,14
54,26550,20,42300105,10,5,6,1,0,2,3,34,3,5,0.6,2,4,0.5,2,2,1.0,22
55,26551,20,42300104,11,6,6,1,0,0,3,38,4,10,0.4,1,4,0.25,2,2,1.0,4
56,26552,20,42300103,3,6,2,1,2,2,1,35,1,5,0.2,1,3,0.333,0,0,0.0,23
57,26553,20,42300102,9,2,3,2,1,2,4,37,4,12,0.333,1,4,0.25,0,0,0.0,10
58,26554,20,42300101,6,3,7,2,2,1,0,33,2,8,0.25,2,4,0.5,0,0,0.0,13
59,26555,21,42300203,28,3,9,1,0,2,4,41,13,17,0.765,2,3,0.667,0,2,0.0,18
60,26556,21,42300202,19,1,4,0,0,1,2,31,7,17,0.412,0,6,0.0,5,5,1.0,-29
61,26557,21,42300201,32,2,6,0,1,1,2,34,12,18,0.667,4,6,0.667,4,4,1.0,9
62,26558,21,42300105,25,2,6,0,0,5,2,26,11,19,0.579,1,7,0.143,2,5,0.4,14
63,26559,21,42300104,17,2,5,2,0,6,3,39,7,18,0.389,1,3,0.333,2,4,0.5,17
64,26560,21,42300103,22,3,8,2,1,1,2,33,11,20,0.55,0,4,0.0,0,1,0.0,6
65,26561,21,42300102,33,1,8,1,1,3,1,37,13,23,0.565,4,9,0.444,3,6,0.5,-22
66,26562,21,42300101,17,3,8,0,1,1,1,34,6,12,0.5,3,5,0.6,2,4,0.5,17
67,26563,22,42300104,7,0,3,0,0,0,1,14,1,5,0.2,1,3,0.333,4,4,1.0,9
68,26564,22,42300103,18,2,5,1,2,0,3,27,5,9,0.556,3,5,0.6,5,6,0.833,12
69,26565,22,42300102,6,4,8,3,2,2,3,30,1,9,0.111,0,4,0.0,4,4,1.0,-32
70,26566,22,42300101,18,1,4,1,2,2,3,34,7,13,0.538,4,8,0.5,0,0,0.0,17
71,26567,23,42300203,12,3,3,1,1,1,1,37,4,13,0.308,3,8,0.375,1,1,1.0,13
72,26568,23,42300202,10,5,4,0,1,1,3,30,3,11,0.273,1,8,0.125,3,4,0.75,-27
73,26569,23,42300201,25,5,1,0,0,0,1,33,9,16,0.563,7,12,0.583,0,0,0.0,6
74,26570,23,42300105,25,2,5,1,0,1,2,29,8,13,0.615,5,10,0.5,4,5,0.8,17
75,26571,23,42300104,38,3,4,0,3,1,3,41,15,26,0.577,8,15,0.533,0,0,0.0,10
76,26572,23,42300103,16,3,5,0,0,0,0,31,7,14,0.5,2,7,0.286,0,0,0.0,7
77,26573,23,42300102,13,4,1,1,1,1,2,36,5,8,0.625,2,4,0.5,1,1,1.0,-23
78,26574,23,42300101,20,4,3,0,1,3,1,33,6,10,0.6,4,8,0.5,4,4,1.0,24
79,26575,24,42300203,5,3,3,0,0,1,1,22,2,4,0.5,1,2,0.5,0,0,0.0,-4
80,26576,24,42300202,13,4,2,1,0,0,0,20,6,10,0.6,1,4,0.25,0,0,0.0,-4
81,26577,24,42300201,16,2,5,1,0,3,0,24,5,12,0.417,4,10,0.4,2,2,1.0,19
82,26578,24,42300105,7,3,3,0,0,1,1,27,2,8,0.25,0,3,0.0,3,4,0.75,19
83,26579,24,42300104,0,3,2,1,0,1,1,18,0,4,0.0,0,1,0.0,0,0,0.0,10
84,26580,24,42300103,7,1,3,0,0,2,3,25,3,5,0.6,1,2,0.5,0,0,0.0,6
85,26581,24,42300102,0,3,1,0,0,0,4,20,0,0,0.0,0,0,0.0,0,0,0.0,-5
86,26582,24,42300101,8,5,4,0,0,0,1,24,3,7,0.429,2,5,0.4,0,0,0.0,19
87,26583,25,42300203,0,0,0,0,0,0,0,1,0,0,0.0,0,0,0.0,0,0,0.0,-2
88,26584,25,42300202,3,0,1,0,0,1,0,5,1,2,0.5,1,1,1.0,0,0,0.0,1
89,26585,25,42300201,0,0,2,0,0,0,0,3,0,0,0.0,0,0,0.0,0,2,0.0,3
90,26586,25,42300105,4,0,3,0,0,0,0,5,2,4,0.5,0,0,0.0,0,0,0.0,-1
91,26587,25,42300103,0,0,1,0,0,0,0,1,0,0,0.0,0,0,0.0,0,0,0.0,0
92,26588,28,42300202,0,1,2,1,0,0,0,11,0,0,0.0,0,0,0.0,0,0,0.0,6
93,26589,28,42300201,2,0,3,0,0,0,2,7,1,1,1.0,0,0,0.0,0,0,0.0,4
94,26590,28,42300105,2,1,1,1,1,0,1,7,1,1,1.0,0,0,0.0,0,0,0.0,3
95,26591,29,42300203,0,0,0,0,0,0,0,1,0,0,0.0,0,0,0.0,0,0,0.0,-2
96,26592,29,42300202,2,0,1,0,0,0,0,5,1,1,1.0,0,0,0.0,0,0,0.0,1
97,26593,30,42300203,6,0,0,0,0,1,0,10,2,3,0.667,2,3,0.667,0,0,0.0,10
98,26594,30,42300202,2,0,1,0,0,0,2,9,1,2,0.5,0,1,0.0,0,0,0.0,-10
99,26595,30,42300201,0,0,1,0,0,0,1,17,0,1,0.0,0,1,0.0,0,0,0.0,22
100,26596,30,42300105,17,1,5,0,0,0,0,20,6,10,0.6,5,8,0.625,0,0,0.0,25
101,26597,30,42300104,0,0,3,0,0,0,1,16,0,2,0.0,0,2,0.0,0,0,0.0,-3
102,26598,30,42300103,5,0,0,0,0,0,4,20,2,6,0.333,1,5,0.2,0,0,0.0,15
103,26599,30,42300102,6,1,2,1,1,0,0,15,2,5,0.4,2,4,0.5,0,0,0.0,8
104,26600,30,42300101,12,1,1,1,0,0,0,14,4,6,0.667,4,6,0.667,0,0,0.0,5
105,26601,31,42300203,2,0,1,0,1,0,1,8,1,1,1.0,0,0,0.0,0,0,0.0,1
106,26602,31,42300202,3,0,3,0,0,0,0,12,0,1,0.0,0,0,0.0,3,4,0.75,-12
107,26603,31,42300201,4,2,10,0,2,1,1,21,1,3,0.333,0,0,0.0,2,2,1.0,12
108,26604,31,42300105,2,2,7,0,1,1,1,18,1,1,1.0,0,0,0.0,0,0,0.0,21
109,26605,31,42300104,2,0,4,0,0,0,1,3,1,2,0.5,0,0,0.0,0,0,0.0,-4
110,26606,31,42300103,2,0,1,0,0,0,0,5,0,0,0.0,0,0,0.0,2,2,1.0,-6
111,26607,32,42300203,2,2,7,0,0,0,3,39,1,7,0.143,0,6,0.0,0,0,0.0,12
112,26608,32,42300202,11,1,2,0,1,1,3,29,4,9,0.444,3,7,0.429,0,0,0.0,-6
113,26609,32,42300201,7,4,8,1,0,0,1,27,3,7,0.429,1,5,0.2,0,0,0.0,15
114,26610,32,42300105,8,3,6,1,0,0,1,23,3,4,0.75,1,2,0.5,1,2,0.5,10
115,26611,32,42300104,7,2,8,1,0,1,4,34,3,5,0.6,1,3,0.333,0,0,0.0,15
116,26612,32,42300103,9,1,6,0,0,0,0,22,4,7,0.571,1,4,0.25,0,0,0.0,15
117,26613,32,42300102,6,3,8,1,1,1,0,23,2,3,0.667,1,1,1.0,1,2,0.5,8
118,26614,32,42300101,10,0,7,0,0,0,0,26,4,8,0.5,2,5,0.4,0,0,0.0,2
119,26615,33,42300203,0,0,0,0,0,0,0,1,0,0,0.0,0,0,0.0,0,0,0.0,-2
120,26616,33,42300202,2,1,0,0,1,1,0,5,1,1,1.0,0,0,0.0,0,0,0.0,1
121,26617,33,42300105,2,0,1,0,0,1,1,8,1,1,1.0,0,0,0.0,0,0,0.0,4
122,26618,34,42300203,0,0,0,0,0,0,1,1,0,0,0.0,0,0,0.0,0,0,0.0,-2
123,26619,34,42300202,0,0,1,0,0,1,0,5,0,1,0.0,0,1,0.0,0,0,0.0,1
124,26620,34,42300105,0,1,1,1,0,1,1,10,0,2,0.0,0,2,0.0,0,0,0.0,1
125,26621,34,42300103,0,0,1,0,0,0,0,1,0,0,0.0,0,0,0.0,0,0,0.0,0
126,26622,35,42300202,0,0,1,0,0,0,0,5,0,1,0.0,0,0,0.0,0,0,0.0,1
127,26623,35,42300201,2,0,2,0,0,0,0,3,1,1,1.0,0,0,0.0,0,0,0.0,3
128,26624,36,42300203,6,2,5,0,0,1,4,37,2,8,0.25,2,6,0.333,0,0,0.0,-14
129,26625,36,42300202,12,1,6,0,0,0,3,40,5,10,0.5,2,7,0.286,0,0,0.0,23
130,26626,36,42300201,5,0,2,0,0,1,3,35,2,8,0.25,1,5,0.2,0,0,0.0,-12
131,26627,36,42300137,13,1,3,1,0,3,5,32,5,9,0.556,3,6,0.5,0,0,0.0,10
132,26628,36,42300136,10,1,8,1,0,2,1,39,4,7,0.571,2,5,0.4,0,0,0.0,-7
133,26629,36,42300135,16,5,6,2,0,1,5,40,6,13,0.462,4,10,0.4,0,0,0.0,2
134,26630,36,42300134,7,3,1,1,0,0,4,30,3,5,0.6,1,3,0.333,0,0,0.0,-19
135,26631,36,42300133,4,1,1,0,0,0,0,24,2,6,0.333,0,4,0.0,0,0,0.0,-17
136,26632,36,42300132,7,4,9,1,0,0,3,37,2,7,0.286,1,5,0.2,2,2,1.0,5
137,26633,36,42300131,7,1,9,1,0,5,3,33,3,8,0.375,1,5,0.2,0,0,0.0,13
138,26634,38,42300203,15,1,6,0,0,1,0,30,6,12,0.5,1,3,0.333,2,2,1.0,-1
139,26635,38,42300202,21,3,6,0,0,3,2,27,9,17,0.529,0,3,0.0,3,4,0.75,14
140,26636,38,42300201,4,3,7,0,1,0,3,26,2,6,0.333,0,2,0.0,0,2,0.0,-19
141,26637,38,42300137,15,4,5,1,1,2,1,30,5,9,0.556,0,2,0.0,5,7,0.714,9
142,26638,38,42300136,1,1,2,2,1,2,1,7,0,1,0.0,0,0,0.0,1,2,0.5,-1
143,26639,38,42300135,3,1,1,2,1,1,1,19,1,3,0.333,1,2,0.5,0,0,0.0,3
144,26640,38,42300134,5,3,1,1,0,0,1,26,2,8,0.25,0,3,0.0,1,2,0.5,-7
145,26641,38,42300133,15,3,2,0,1,2,0,29,5,13,0.385,1,5,0.2,4,5,0.8,-29
146,26642,38,42300132,8,1,1,1,0,1,1,25,3,7,0.429,2,4,0.5,0,0,0.0,2
147,26643,38,42300131,5,2,4,0,0,1,2,20,2,8,0.25,0,1,0.0,1,2,0.5,7
148,26644,39,42300203,17,1,8,1,0,3,1,37,7,11,0.636,0,1,0.0,3,3,1.0,-16
149,26645,39,42300202,21,5,10,1,2,0,4,33,9,15,0.6,1,2,0.5,2,2,1.0,35
150,26646,39,42300201,17,3,13,0,1,1,3,32,8,12,0.667,0,0,0.0,1,2,0.5,-21
151,26647,39,42300137,11,1,16,0,5,6,5,41,5,8,0.625,0,0,0.0,1,2,0.5,9
152,26648,39,42300136,3,0,6,1,5,0,5,34,1,5,0.2,0,0,0.0,1,2,0.5,-5
153,26649,39,42300135,14,4,13,2,2,1,2,39,7,11,0.636,0,0,0.0,0,2,0.0,4
154,26650,39,42300134,14,3,9,2,2,1,4,32,6,13,0.462,0,0,0.0,2,2,1.0,-20
155,26651,39,42300133,10,1,2,0,3,0,2,22,4,9,0.444,0,3,0.0,2,2,1.0,-18
156,26652,39,42300132,17,1,7,1,1,3,3,32,5,13,0.385,1,4,0.25,6,9,0.667,11
157,26653,39,42300131,16,2,11,0,3,1,3,36,6,12,0.5,2,4,0.5,2,2,1.0,5
158,26654,40,42300203,0,0,0,0,0,0,0,11,0,1,0.0,0,0,0.0,0,0,0.0,6
159,26655,40,42300202,0,0,1,0,0,0,0,3,0,1,0.0,0,1,0.0,0,0,0.0,-3
160,26656,40,42300201,0,1,0,0,0,0,1,17,0,5,0.0,0,4,0.0,0,0,0.0,-14
161,26657,40,42300137,8,1,2,0,0,0,0,11,2,2,1.0,2,2,1.0,2,2,1.0,6
162,26658,40,42300135,0,0,0,0,0,0,1,6,0,2,0.0,0,2,0.0,0,0,0.0,5
163,26659,40,42300134,0,2,1,0,0,0,0,6,0,0,0.0,0,0,0.0,0,0,0.0,3
164,26660,40,42300133,9,2,2,0,0,0,3,22,3,4,0.75,3,4,0.75,0,0,0.0,-14
165,26661,40,42300131,0,1,2,0,0,0,1,4,0,2,0.0,0,2,0.0,0,0,0.0,0
166,26662,43,42300203,15,6,3,0,1,2,3,38,6,15,0.4,1,6,0.167,2,2,1.0,-17
167,26663,43,42300202,14,4,7,1,0,2,2,34,5,8,0.625,4,5,0.8,0,0,0.0,20
168,26664,43,42300201,14,5,3,1,0,0,3,36,6,15,0.4,2,8,0.25,0,0,0.0,-19
169,26665,43,42300137,12,4,3,3,0,2,5,30,3,13,0.231,1,4,0.25,5,6,0.833,-3
170,26666,43,42300136,21,5,7,2,0,3,2,43,10,17,0.588,1,4,0.25,0,0,0.0,-4
171,26667,43,42300135,23,5,5,0,0,2,2,39,9,16,0.563,3,5,0.6,2,3,0.667,9
172,26668,43,42300134,14,6,3,0,1,2,1,32,5,11,0.455,2,5,0.4,2,3,0.667,-27
173,26669,43,42300133,5,6,3,0,0,1,0,31,2,10,0.2,1,4,0.25,0,0,0.0,-22
174,26670,43,42300132,15,4,3,1,0,4,5,32,5,11,0.455,4,7,0.571,1,2,0.5,-4
175,26671,43,42300131,14,8,3,1,0,5,4,32,6,11,0.545,2,6,0.333,0,0,0.0,8
176,26672,44,42300203,0,0,2,0,0,0,2,5,0,0,0.0,0,0,0.0,0,0,0.0,-6
177,26673,44,42300202,1,2,3,0,1,0,0,10,0,2,0.0,0,0,0.0,1,2,0.5,0
178,26674,44,42300201,4,1,2,0,1,0,1,16,2,3,0.667,0,0,0.0,0,0,0.0,-7
179,26675,44,42300137,0,2,4,0,1,0,1,7,0,1,0.0,0,0,0.0,0,0,0.0,3
180,26676,44,42300136,2,0,2,0,1,0,0,12,1,3,0.333,0,0,0.0,0,0,0.0,-1
181,26677,44,42300135,0,3,1,1,0,0,2,9,0,1,0.0,0,0,0.0,0,0,0.0,-5
182,26678,44,42300134,4,0,0,0,0,1,0,6,2,3,0.667,0,0,0.0,0,0,0.0,1
183,26679,44,42300133,0,0,1,0,1,0,2,10,0,1,0.0,0,0,0.0,0,0,0.0,-9
184,26680,46,42300202,4,1,3,0,0,1,2,14,2,4,0.5,0,1,0.0,0,0,0.0,-5
185,26681,46,42300201,4,0,1,0,0,0,0,4,0,2,0.0,0,2,0.0,4,4,1.0,1
186,26682,46,42300137,0,0,1,0,0,0,1,3,0,2,0.0,0,0,0.0,0,0,0.0,-9
187,26683,46,42300136,3,1,0,2,0,1,4,11,1,5,0.2,1,4,0.25,0,0,0.0,-6
188,26684,46,42300134,2,0,0,1,0,2,2,17,1,3,0.333,0,1,0.0,0,0,0.0,-12
189,26685,46,42300133,7,0,3,0,1,2,1,18,3,8,0.375,1,2,0.5,0,0,0.0,-10
190,26686,46,42300132,0,0,0,0,1,0,3,14,0,4,0.0,0,4,0.0,0,0,0.0,2
191,26687,46,42300131,5,2,3,1,0,1,4,25,1,7,0.143,0,4,0.0,3,4,0.75,13
192,26688,48,42300203,0,0,1,0,0,0,0,5,0,2,0.0,0,0,0.0,0,0,0.0,-2
193,26689,48,42300202,4,0,0,1,0,0,1,16,2,4,0.5,0,1,0.0,0,0,0.0,-14
194,26690,48,42300201,3,0,3,0,0,0,0,9,1,3,0.333,1,2,0.5,0,0,0.0,-2
195,26691,48,42300137,0,0,2,1,0,0,0,7,0,0,0.0,0,0,0.0,0,0,0.0,-6
196,26692,48,42300136,2,2,8,0,0,1,3,27,1,7,0.143,0,4,0.0,0,0,0.0,-7
197,26693,48,42300135,12,1,3,0,0,0,3,26,4,9,0.444,2,5,0.4,2,2,1.0,8
198,26694,48,42300134,4,0,3,0,0,0,0,6,2,4,0.5,0,1,0.0,0,0,0.0,3
199,26695,48,42300133,5,0,2,0,0,1,1,9,2,6,0.333,1,4,0.25,0,0,0.0,-6
200,26696,49,42300202,0,0,0,0,0,0,0,2,0,0,0.0,0,0,0.0,0,0,0.0,-3
201,26697,49,42300133,0,2,2,0,1,2,0,7,0,0,0.0,0,0,0.0,0,0,0.0,0
202,26698,50,42300134,21,0,9,1,0,1,1,29,8,11,0.727,0,0,0.0,5,7,0.714,-10
203,26699,50,42300133,15,0,8,0,1,2,2,24,5,6,0.833,0,0,0.0,5,5,1.0,-20
204,26700,50,42300132,16,3,20,2,3,2,4,39,6,10,0.6,0,0,0.0,4,8,0.5,12
205,26701,50,42300131,16,2,18,2,0,0,1,35,6,10,0.6,0,0,0.0,4,6,0.667,10
206,26702,51,42300203,5,3,3,0,1,0,2,17,2,6,0.333,1,4,0.25,0,0,0.0,12
207,26703,52,42300203,2,1,1,1,0,1,0,18,1,7,0.143,0,4,0.0,0,0,0.0,-17
208,26704,52,42300202,12,0,1,1,0,3,4,21,5,6,0.833,1,1,1.0,1,2,0.5,15
209,26705,52,42300201,11,1,1,0,0,0,2,29,4,11,0.364,3,8,0.375,0,0,0.0,-21
210,26706,52,42300137,8,1,3,1,0,0,2,33,3,6,0.5,0,2,0.0,2,2,1.0,24
211,26707,52,42300136,4,1,1,0,2,0,3,24,2,5,0.4,0,2,0.0,0,0,0.0,-1
212,26708,52,42300135,8,2,4,0,0,1,4,23,2,10,0.2,2,6,0.333,2,2,1.0,-10
213,26709,52,42300134,0,1,1,1,0,2,3,21,0,0,0.0,0,0,0.0,0,0,0.0,-11
214,26710,52,42300133,0,2,1,2,0,2,4,16,0,3,0.0,0,2,0.0,0,0,0.0,-20
215,26711,52,42300132,10,1,0,4,0,2,0,25,4,8,0.5,2,5,0.4,0,0,0.0,12
216,26712,52,42300131,4,0,2,1,1,0,2,19,1,2,0.5,0,0,0.0,2,2,1.0,4
217,26713,53,42300203,33,3,6,2,0,0,2,43,12,22,0.545,7,12,0.583,2,3,0.667,-10
218,26714,53,42300202,29,8,7,0,0,1,2,39,10,19,0.526,5,7,0.714,4,6,0.667,38
219,26715,53,42300201,33,5,6,1,0,3,2,37,12,25,0.48,4,11,0.364,5,5,1.0,-11
220,26716,53,42300137,39,5,9,1,1,1,3,45,11,27,0.407,2,8,0.25,15,17,0.882,17
221,26717,53,42300136,50,4,4,0,1,4,4,42,22,36,0.611,3,9,0.333,3,6,0.5,-3
222,26718,53,42300135,28,2,6,2,0,4,5,40,9,23,0.391,1,7,0.143,9,10,0.9,-11
223,26719,53,42300134,18,6,1,3,0,6,4,36,5,14,0.357,1,4,0.25,7,7,1.0,-16
224,26720,53,42300133,13,7,5,0,0,2,1,27,6,16,0.375,1,6,0.167,0,1,0.0,-25
225,26721,53,42300132,23,4,8,1,1,3,5,36,9,22,0.409,2,10,0.2,3,5,0.6,10
226,26722,53,42300131,30,3,2,3,0,4,1,36,11,21,0.524,3,8,0.375,5,5,1.0,10
227,26723,56,42300144,20,2,6,1,1,3,4,37,9,16,0.563,2,7,0.286,0,0,0.0,-14
228,26724,56,42300143,16,7,5,2,1,6,2,35,7,22,0.318,2,8,0.25,0,0,0.0,-13
229,26725,56,42300142,15,4,5,2,0,4,3,36,6,14,0.429,1,5,0.2,2,2,1.0,-27
230,26726,56,42300141,20,6,3,2,1,3,5,39,9,22,0.409,2,9,0.222,0,0,0.0,1
231,26727,57,42300144,11,4,4,2,1,3,5,34,4,11,0.364,1,3,0.333,2,2,1.0,-12
232,26728,57,42300143,15,1,7,2,0,3,4,38,4,11,0.364,1,6,0.167,6,6,1.0,-16
233,26729,57,42300142,18,1,2,0,0,2,4,36,6,9,0.667,4,7,0.571,2,2,1.0,-16
234,26730,57,42300141,8,4,7,1,0,3,2,33,2,10,0.2,2,8,0.25,2,2,1.0,-3
235,26731,58,42300144,16,1,3,0,1,1,4,22,5,9,0.556,4,7,0.571,2,2,1.0,0
236,26732,58,42300143,5,0,2,0,0,1,1,21,2,6,0.333,1,2,0.5,0,0,0.0,-18
237,26733,58,42300142,10,0,2,1,0,0,3,25,3,6,0.5,0,2,0.0,4,4,1.0,-14
238,26734,58,42300141,5,4,4,1,1,0,1,16,2,7,0.286,1,4,0.25,0,0,0.0,1
239,26735,59,42300143,4,0,1,2,0,1,0,7,2,4,0.5,0,1,0.0,0,0,0.0,-5
240,26736,59,42300142,0,0,1,0,0,0,0,8,0,2,0.0,0,1,0.0,0,0,0.0,-6
241,26737,59,42300141,0,0,0,0,0,0,0,3,0,0,0.0,0,0,0.0,0,0,0.0,-2
242,26738,60,42300144,8,6,4,2,2,2,3,39,2,14,0.143,0,3,0.0,4,6,0.667,-3
243,26739,60,42300143,19,1,4,1,1,2,0,37,7,14,0.5,2,3,0.667,3,3,1.0,-12
244,26740,60,42300142,18,3,4,1,1,3,3,33,5,10,0.5,0,0,0.0,8,8,1.0,-30
245,26741,60,42300141,12,3,6,0,1,2,2,37,5,17,0.294,0,2,0.0,2,2,1.0,1
246,26742,61,42300144,2,4,2,3,1,2,0,15,1,4,0.25,0,3,0.0,0,0,0.0,4
247,26743,61,42300143,0,2,1,1,0,0,2,11,0,4,0.0,0,4,0.0,0,0,0.0,-2
248,26744,61,42300142,0,2,1,0,0,1,1,17,0,5,0.0,0,3,0.0,0,0,0.0,-17
249,26745,61,42300141,5,1,0,1,0,1,0,19,2,7,0.286,1,4,0.25,0,0,0.0,-6
250,26746,63,42300144,6,1,6,0,0,0,1,21,2,4,0.5,0,2,0.0,2,2,1.0,-2
251,26747,63,42300143,9,5,13,2,0,2,3,29,3,6,0.5,1,2,0.5,2,3,0.667,-9
252,26748,63,42300142,2,1,6,0,0,3,4,14,1,1,1.0,0,0,0.0,0,0,0.0,-7
253,26749,63,42300141,8,0,8,0,0,2,1,19,4,6,0.667,0,0,0.0,0,1,0.0,0
254,26750,64,42300144,0,0,1,0,0,0,0,4,0,2,0.0,0,1,0.0,0,0,0.0,0
255,26751,64,42300143,0,0,0,0,0,0,0,3,0,0,0.0,0,0,0.0,0,0,0.0,2
256,26752,64,42300142,0,0,1,0,0,0,1,5,0,2,0.0,0,2,0.0,0,0,0.0,-1
257,26753,65,42300144,7,3,11,1,2,4,4,43,3,10,0.3,1,7,0.143,0,0,0.0,-7
258,26754,65,42300143,10,2,6,3,0,2,2,44,4,12,0.333,2,5,0.4,0,0,0.0,-26
259,26755,65,42300142,8,2,5,0,1,2,3,38,3,8,0.375,2,6,0.333,0,0,0.0,-27
260,26756,65,42300141,21,2,4,1,3,0,3,44,8,18,0.444,5,12,0.417,0,0,0.0,0
261,26757,66,42300143,0,0,1,0,0,0,0,3,0,0,0.0,0,0,0.0,0,0,0.0,2
262,26758,68,42300143,0,0,1,1,0,1,0,3,0,1,0.0,0,1,0.0,0,0,0.0,2
263,26759,70,42300142,2,1,1,0,0,0,0,5,1,2,0.5,0,0,0.0,0,2,0.0,-1
264,26760,89,42300223,0,0,2,0,0,0,0,6,0,0,0.0,0,0,0.0,0,0,0.0,-1
265,26761,89,42300222,0,1,1,0,0,0,1,6,0,2,0.0,0,2,0.0,0,0,0.0,-5
266,26762,89,42300221,5,0,0,0,0,0,0,9,1,5,0.2,1,2,0.5,2,2,1.0,0
267,26763,89,42300176,2,1,1,0,0,0,1,7,1,3,0.333,0,1,0.0,0,0,0.0,7
268,26764,89,42300175,4,4,1,0,0,0,0,10,2,4,0.5,0,0,0.0,0,0,0.0,1
269,26765,89,42300174,0,0,0,0,0,0,0,2,0,2,0.0,0,1,0.0,0,0,0.0,-8
270,26766,89,42300173,0,1,1,1,0,0,1,12,0,4,0.0,0,3,0.0,0,0,0.0,0
271,26767,89,42300172,0,0,1,0,1,1,2,6,0,1,0.0,0,0,0.0,0,0,0.0,-1
272,26768,89,42300171,3,0,2,0,0,1,0,16,1,4,0.25,0,1,0.0,1,2,0.5,-11
273,26769,91,42300222,0,0,0,0,0,0,0,0,0,0,0.0,0,0,0.0,0,0,0.0,-2
274,26770,91,42300221,0,0,0,0,0,0,0,5,0,3,0.0,0,1,0.0,0,0,0.0,0
275,26771,91,42300176,0,0,0,0,0,0,0,1,0,1,0.0,0,0,0.0,0,0,0.0,-1
276,26772,91,42300175,14,1,0,0,0,0,0,6,5,8,0.625,2,4,0.5,2,2,1.0,2
277,26773,91,42300174,0,0,0,0,0,0,0,3,0,0,0.0,0,0,0.0,0,0,0.0,1
278,26774,91,42300173,1,1,0,1,0,0,1,3,0,2,0.0,0,1,0.0,1,2,0.5,-4
279,26775,91,42300171,0,0,0,0,0,0,0,1,0,1,0.0,0,1,0.0,0,0,0.0,-2
280,26776,92,42300223,12,1,8,0,0,1,3,27,2,7,0.286,0,0,0.0,8,12,0.667,16
281,26777,92,42300222,2,1,4,0,1,1,2,20,1,7,0.143,0,0,0.0,0,0,0.0,18
282,26778,92,42300221,2,1,4,0,0,2,3,13,1,3,0.333,0,0,0.0,0,0,0.0,-13
283,26779,92,42300176,10,3,9,1,0,0,4,24,3,3,1.0,0,0,0.0,4,8,0.5,-2
284,26780,92,42300175,12,1,7,0,1,2,4,25,5,5,1.0,0,0,0.0,2,2,1.0,24
285,26781,92,42300174,8,1,6,1,0,1,1,18,4,4,1.0,0,0,0.0,0,1,0.0,4
286,26782,92,42300173,13,0,2,0,2,1,2,15,6,8,0.75,0,0,0.0,1,2,0.5,5
287,26783,92,42300172,7,1,9,1,0,1,2,21,2,5,0.4,0,0,0.0,3,6,0.5,4
288,26784,92,42300171,3,0,4,0,3,0,0,19,1,3,0.333,0,0,0.0,1,2,0.5,-19
289,26785,93,42300222,0,0,0,0,0,0,0,0,0,0,0.0,0,0,0.0,0,0,0.0,-2
290,26786,93,42300221,0,0,2,0,0,0,1,5,0,0,0.0,0,0,0.0,0,2,0.0,0
291,26787,93,42300176,0,0,0,0,0,0,0,1,0,0,0.0,0,0,0.0,0,0,0.0,-1
292,26788,93,42300175,0,1,2,0,0,0,1,4,0,0,0.0,0,0,0.0,0,0,0.0,-2
293,26789,93,42300173,2,0,1,0,0,0,1,3,0,0,0.0,0,0,0.0,2,2,1.0,-4
294,26790,93,42300171,0,0,0,0,0,0,0,1,0,0,0.0,0,0,0.0,0,0,0.0,-2
295,26791,94,42300223,3,1,1,1,0,1,3,15,1,3,0.333,1,3,0.333,0,0,0.0,15
296,26792,94,42300222,11,1,1,0,0,0,1,16,4,6,0.667,3,5,0.6,0,0,0.0,9
297,26793,94,42300221,11,3,4,0,0,1,3,25,4,9,0.444,3,8,0.375,0,0,0.0,-20
298,26794,94,42300176,7,1,4,0,0,0,3,21,3,5,0.6,1,3,0.333,0,0,0.0,7
299,26795,94,42300175,4,0,2,1,0,0,0,18,1,3,0.333,1,3,0.333,1,1,1.0,4
300,26796,94,42300174,2,1,1,1,0,0,2,13,0,3,0.0,0,2,0.0,2,2,1.0,-10
301,26797,94,42300173,8,0,5,1,0,0,0,25,3,5,0.6,1,2,0.5,1,2,0.5,-3
302,26798,94,42300172,0,1,7,1,1,0,4,14,0,2,0.0,0,2,0.0,0,0,0.0,-6
303,26799,94,42300171,4,1,1,2,1,0,0,9,0,0,0.0,0,0,0.0,4,4,1.0,11
304,26800,95,42300222,0,0,0,0,0,0,0,0,0,0,0.0,0,0,0.0,0,0,0.0,-2
305,26801,95,42300221,3,0,1,0,0,0,1,5,1,2,0.5,1,2,0.5,0,0,0.0,0
306,26802,95,42300176,0,0,1,0,0,0,0,1,0,1,0.0,0,1,0.0,0,0,0.0,-1
307,26803,95,42300175,3,0,1,0,0,0,0,6,1,2,0.5,1,2,0.5,0,0,0.0,0
308,26804,95,42300173,2,0,0,0,0,0,0,2,1,1,1.0,0,0,0.0,0,0,0.0,-5
309,26805,95,42300171,0,0,0,0,0,0,0,1,0,0,0.0,0,0,0.0,0,0,0.0,-2
310,26806,96,42300223,8,1,2,1,0,0,0,16,3,9,0.333,2,5,0.4,0,0,0.0,-7
311,26807,96,42300222,17,1,2,0,0,0,1,19,6,10,0.6,2,4,0.5,3,4,0.75,15
312,26808,96,42300221,2,0,2,0,0,0,0,17,1,5,0.2,0,4,0.0,0,0,0.0,-13
313,26809,96,42300172,0,1,1,1,0,0,0,6,0,1,0.0,0,1,0.0,0,0,0.0,3
314,26810,96,42300171,6,0,3,0,0,0,1,16,2,5,0.4,1,2,0.5,1,2,0.5,-10
315,26811,97,42300223,22,7,5,1,1,4,2,41,10,17,0.588,2,6,0.333,0,0,0.0,11
316,26812,97,42300222,9,11,3,2,2,2,4,41,2,8,0.25,0,2,0.0,5,6,0.833,9
317,26813,97,42300221,20,3,1,2,1,4,2,37,7,14,0.5,3,4,0.75,3,3,1.0,-15
318,26814,97,42300176,30,4,6,2,2,1,3,42,11,19,0.579,5,9,0.556,3,5,0.6,22
319,26815,97,42300175,14,6,4,2,0,0,4,35,6,14,0.429,1,7,0.143,1,1,1.0,35
320,26816,97,42300174,40,5,7,0,0,7,4,45,14,25,0.56,6,12,0.5,6,6,1.0,-5
321,26817,97,42300173,21,6,4,2,0,2,4,37,8,17,0.471,3,7,0.429,2,2,1.0,17
322,26818,97,42300172,23,3,6,3,0,3,2,42,8,18,0.444,4,8,0.5,3,4,0.75,0
323,26819,97,42300171,31,4,7,2,0,1,3,39,10,18,0.556,3,6,0.5,8,9,0.889,-9
324,26820,99,42300171,0,0,0,0,0,0,0,1,0,0,0.0,0,0,0.0,0,0,0.0,-2
325,26821,100,42300223,8,3,5,0,1,1,1,20,4,5,0.8,0,0,0.0,0,2,0.0,-8
326,26822,100,42300222,13,2,7,1,1,3,2,27,4,6,0.667,0,0,0.0,5,9,0.556,-8
327,26823,100,42300221,16,1,11,0,5,1,3,27,5,12,0.417,0,0,0.0,6,8,0.75,-2
328,26824,100,42300176,13,0,6,0,0,1,3,22,5,8,0.625,0,0,0.0,3,3,1.0,17
329,26825,100,42300175,8,0,5,1,1,0,0,19,2,4,0.5,0,0,0.0,4,6,0.667,8
330,26826,100,42300174,5,2,5,0,0,2,1,19,1,4,0.25,0,0,0.0,3,4,0.75,-7
331,26827,100,42300173,8,0,4,2,3,0,1,26,4,5,0.8,0,0,0.0,0,0,0.0,9
332,26828,100,42300172,0,1,1,0,0,0,2,9,0,3,0.0,0,0,0.0,0,0,0.0,-8
333,26829,100,42300171,3,0,0,0,1,1,2,14,1,4,0.25,0,0,0.0,1,2,0.5,-8
334,26830,101,42300223,27,2,6,0,0,0,4,40,11,23,0.478,5,12,0.417,0,0,0.0,5
335,26831,101,42300222,29,4,11,2,1,2,6,40,11,18,0.611,7,11,0.636,0,1,0.0,9
336,26832,101,42300221,10,0,6,1,0,1,4,26,4,7,0.571,2,3,0.667,0,0,0.0,-11
337,26833,101,42300176,14,2,5,2,0,1,2,35,4,9,0.444,4,8,0.5,2,4,0.5,-2
338,26834,101,42300175,2,2,5,0,1,1,2,30,1,7,0.143,0,4,0.0,0,2,0.0,13
339,26835,101,42300174,10,1,4,1,2,3,3,41,4,9,0.444,1,5,0.2,1,1,1.0,-5
340,26836,101,42300173,10,1,5,3,1,0,2,34,5,10,0.5,0,4,0.0,0,0,0.0,23
341,26837,101,42300172,18,0,6,1,2,2,2,35,5,10,0.5,3,4,0.75,5,7,0.714,6
342,26838,101,42300171,11,0,7,2,1,0,4,37,4,10,0.4,2,7,0.286,1,2,0.5,-1
343,26839,103,42300176,4,0,1,0,0,0,0,5,1,3,0.333,1,3,0.333,1,2,0.5,1
344,26840,103,42300175,15,1,3,0,0,1,2,19,5,7,0.714,5,7,0.714,0,0,0.0,17
345,26841,103,42300174,3,1,2,1,1,0,1,22,1,1,1.0,1,1,1.0,0,0,0.0,-10
346,26842,103,42300173,3,3,1,0,0,0,1,16,1,1,1.0,1,1,1.0,0,0,0.0,-6
347,26843,103,42300172,6,1,6,0,1,1,2,28,2,4,0.5,2,3,0.667,0,0,0.0,9
348,26844,103,42300171,3,3,3,0,1,1,2,27,1,5,0.2,0,3,0.0,1,2,0.5,6
349,26845,104,42300223,3,1,4,2,0,2,2,36,1,10,0.1,0,3,0.0,1,1,1.0,-14
350,26846,104,42300222,9,2,5,0,0,1,4,28,3,12,0.25,1,5,0.2,2,2,1.0,-2
351,26847,104,42300221,7,2,2,0,2,1,4,30,3,5,0.6,1,3,0.333,0,0,0.0,-15
352,26848,104,42300176,6,2,5,0,1,1,3,36,3,5,0.6,0,1,0.0,0,0,0.0,9
353,26849,104,42300175,12,1,3,0,3,2,5,30,5,7,0.714,2,4,0.5,0,1,0.0,20
354,26850,104,42300174,14,1,7,1,1,0,4,33,6,9,0.667,2,3,0.667,0,1,0.0,7
355,26851,104,42300173,11,0,3,0,1,0,1,27,4,8,0.5,1,3,0.333,2,2,1.0,12
356,26852,104,42300172,10,0,7,0,1,2,4,32,4,6,0.667,0,1,0.0,2,4,0.5,0
357,26853,104,42300171,0,0,1,0,2,0,2,18,0,4,0.0,0,1,0.0,0,0,0.0,-14
358,26854,105,42300223,22,5,15,2,0,4,1,40,7,17,0.412,1,4,0.25,7,10,0.7,3
359,26855,105,42300222,29,7,10,3,1,1,0,41,11,21,0.524,5,8,0.625,2,2,1.0,6
360,26856,105,42300221,19,9,6,2,0,5,0,41,6,19,0.316,1,8,0.125,6,10,0.6,-21
361,26857,105,42300176,28,13,7,1,1,5,5,43,9,26,0.346,1,10,0.1,9,11,0.818,9
362,26858,105,42300175,35,10,7,1,0,2,4,39,14,26,0.538,2,8,0.25,5,5,1.0,28
363,26859,105,42300174,29,10,10,0,1,3,5,45,10,24,0.417,1,9,0.111,8,10,0.8,8
364,26860,105,42300173,22,9,10,2,0,5,2,40,7,25,0.28,3,14,0.214,5,7,0.714,11
365,26861,105,42300172,32,9,6,1,1,3,3,46,11,26,0.423,5,14,0.357,5,6,0.833,8
366,26862,105,42300171,33,6,13,1,0,4,1,42,11,26,0.423,4,12,0.333,7,8,0.875,3
367,26863,107,42300233,5,0,3,0,0,0,1,18,2,4,0.5,1,2,0.5,0,0,0.0,5
368,26864,107,42300232,2,0,2,1,1,0,0,10,1,2,0.5,0,0,0.0,0,0,0.0,2
369,26865,107,42300231,7,0,2,0,0,0,0,19,3,5,0.6,1,1,1.0,0,0,0.0,4
370,26866,107,42300155,2,0,0,0,0,0,0,6,0,2,0.0,0,1,0.0,2,2,1.0,3
371,26867,107,42300154,0,1,2,0,0,0,1,12,0,2,0.0,0,1,0.0,0,0,0.0,-13
372,26868,107,42300153,5,1,2,0,0,0,3,17,2,5,0.4,0,2,0.0,1,1,1.0,6
373,26869,107,42300152,10,0,2,0,1,0,2,13,5,8,0.625,0,3,0.0,0,2,0.0,6
374,26870,107,42300151,2,0,5,0,0,0,2,18,1,5,0.2,0,2,0.0,0,0,0.0,-3
375,26871,108,42300233,21,1,4,1,0,2,5,30,6,10,0.6,4,5,0.8,5,6,0.833,25
376,26872,108,42300232,9,2,5,1,1,4,0,39,4,12,0.333,1,7,0.143,0,0,0.0,-21
377,26873,108,42300231,20,1,6,3,1,2,1,40,6,13,0.462,4,7,0.571,4,6,0.667,-9
378,26874,108,42300155,26,1,4,2,0,1,3,46,8,12,0.667,5,7,0.714,5,6,0.833,12
379,26875,108,42300154,27,1,11,1,0,2,1,40,10,20,0.5,4,11,0.364,3,5,0.6,4
380,26876,108,42300153,20,3,10,0,0,2,3,35,8,16,0.5,2,6,0.333,2,2,1.0,2
381,26877,108,42300152,22,1,9,2,0,0,0,38,8,13,0.615,6,10,0.6,0,0,0.0,-4
382,26878,108,42300151,19,0,8,1,2,0,1,38,8,15,0.533,3,7,0.429,0,0,0.0,10
383,26879,109,42300233,3,0,1,0,0,0,1,4,1,2,0.5,1,2,0.5,0,0,0.0,-1
384,26880,109,42300232,2,0,0,0,0,0,0,3,0,1,0.0,0,1,0.0,2,2,1.0,-2
385,26881,110,42300233,1,1,1,0,0,0,0,3,0,1,0.0,0,1,0.0,1,2,0.5,-1
386,26882,110,42300232,0,0,0,0,0,0,0,3,0,1,0.0,0,1,0.0,0,0,0.0,-2
387,26883,111,42300233,12,4,4,0,0,0,3,37,3,6,0.5,0,2,0.0,6,6,1.0,31
388,26884,111,42300232,4,0,3,1,0,1,4,28,2,6,0.333,0,2,0.0,0,0,0.0,-12
389,26885,111,42300231,6,3,2,2,1,1,2,37,2,4,0.5,2,4,0.5,0,0,0.0,-9
390,26886,111,42300155,5,3,3,1,0,0,3,33,2,10,0.2,1,6,0.167,0,0,0.0,-1
391,26887,111,42300154,14,3,2,4,0,2,3,40,6,8,0.75,2,3,0.667,0,0,0.0,-9
392,26888,111,42300153,5,1,2,2,0,2,3,35,2,7,0.286,1,5,0.2,0,0,0.0,2
393,26889,111,42300152,6,3,1,0,1,2,4,35,2,7,0.286,0,4,0.0,2,2,1.0,-4
394,26890,111,42300151,12,1,2,3,0,0,3,37,4,11,0.364,4,10,0.4,0,0,0.0,14
395,26891,112,42300151,4,0,2,1,1,0,3,9,1,1,1.0,0,0,0.0,2,2,1.0,-3
396,26892,113,42300233,6,0,3,0,0,1,1,8,2,4,0.5,0,2,0.0,2,2,1.0,10
397,26893,113,42300232,3,1,2,0,0,1,1,10,1,6,0.167,1,3,0.333,0,0,0.0,-13
398,26894,113,42300231,5,1,3,1,0,0,1,14,2,3,0.667,1,1,1.0,0,0,0.0,15
399,26895,113,42300155,8,1,2,1,0,0,2,18,3,8,0.375,2,6,0.333,0,0,0.0,-2
400,26896,113,42300154,0,2,2,0,0,0,2,9,0,1,0.0,0,0,0.0,0,0,0.0,-6
401,26897,113,42300153,5,1,0,0,0,0,0,7,2,3,0.667,1,2,0.5,0,0,0.0,0
402,26898,113,42300152,0,1,0,0,0,1,1,8,0,5,0.0,0,3,0.0,0,0,0.0,4
403,26899,113,42300151,3,2,1,0,0,1,2,9,1,4,0.25,1,2,0.5,0,0,0.0,2
404,26900,114,42300233,0,0,2,0,1,0,1,5,0,2,0.0,0,0,0.0,0,0,0.0,-7
405,26901,114,42300232,0,0,2,0,1,0,0,9,0,2,0.0,0,1,0.0,0,2,0.0,-10
406,26902,114,42300231,0,0,4,0,0,0,2,6,0,2,0.0,0,1,0.0,0,0,0.0,2
407,26903,114,42300155,3,1,0,0,0,0,1,5,1,1,1.0,1,1,1.0,0,0,0.0,-5
408,26904,114,42300154,2,0,0,0,2,1,1,13,0,3,0.0,0,2,0.0,2,2,1.0,-11
409,26905,114,42300153,2,0,1,0,2,0,1,16,1,3,0.333,0,1,0.0,0,0,0.0,9
410,26906,114,42300152,2,2,1,0,0,0,0,12,1,4,0.25,0,2,0.0,0,0,0.0,11
411,26907,114,42300151,8,0,1,0,0,2,3,14,3,6,0.5,2,4,0.5,0,0,0.0,-6
412,26908,115,42300233,6,1,1,0,0,0,3,19,2,4,0.5,2,3,0.667,0,0,0.0,11
413,26909,115,42300232,13,1,2,0,0,1,2,22,4,6,0.667,4,5,0.8,1,2,0.5,-3
414,26910,115,42300231,3,0,5,1,0,0,0,16,1,3,0.333,1,3,0.333,0,0,0.0,19
415,26911,115,42300155,0,0,0,0,0,0,2,4,0,0,0.0,0,0,0.0,0,0,0.0,-10
416,26912,115,42300154,3,0,0,2,0,0,1,5,1,3,0.333,1,2,0.5,0,0,0.0,-4
417,26913,115,42300153,0,0,1,0,0,0,0,8,0,4,0.0,0,4,0.0,0,0,0.0,2
418,26914,115,42300152,0,1,2,2,0,0,1,13,0,1,0.0,0,1,0.0,0,0,0.0,2
419,26915,115,42300151,0,0,1,0,0,0,0,6,0,2,0.0,0,2,0.0,0,0,0.0,-2
420,26916,117,42300233,24,9,14,3,3,3,3,38,10,18,0.556,1,3,0.333,3,4,0.75,30
421,26917,117,42300232,16,8,16,0,1,4,2,39,5,13,0.385,0,1,0.0,6,6,1.0,-16
422,26918,117,42300231,32,9,8,3,0,7,4,41,11,25,0.44,2,9,0.222,8,8,1.0,-12
423,26919,117,42300155,25,9,20,0,0,7,1,41,12,21,0.571,1,5,0.2,0,0,0.0,7
424,26920,117,42300154,33,14,14,1,1,3,4,41,10,20,0.5,2,5,0.4,11,11,1.0,-7
425,26921,117,42300153,24,9,15,1,0,3,4,39,9,13,0.692,0,1,0.0,6,7,0.857,4
426,26922,117,42300152,27,10,20,2,0,3,2,41,9,16,0.563,2,4,0.5,7,7,1.0,1
427,26923,117,42300151,32,7,12,2,0,0,3,39,15,23,0.652,1,3,0.333,1,2,0.5,14
428,26924,119,42300233,2,0,1,0,0,1,1,5,1,1,1.0,0,0,0.0,0,0,0.0,-5
429,26925,119,42300232,1,0,1,0,1,0,0,3,0,1,0.0,0,0,0.0,1,2,0.5,-2
430,26926,120,42300233,0,0,0,0,0,0,1,2,0,0,0.0,0,0,0.0,0,0,0.0,-2
431,26927,120,42300232,2,0,0,0,0,0,0,3,1,1,1.0,0,0,0.0,0,0,0.0,-2
432,26928,121,42300233,24,5,4,3,0,3,3,38,11,21,0.524,2,5,0.4,0,0,0.0,21
433,26929,121,42300232,8,2,13,2,1,4,3,36,3,18,0.167,0,4,0.0,2,2,1.0,-16
434,26930,121,42300231,17,4,1,0,0,1,4,34,6,14,0.429,2,4,0.5,3,3,1.0,-22
435,26931,121,42300155,32,7,3,1,0,2,2,41,13,28,0.464,5,10,0.5,1,1,1.0,3
436,26932,121,42300154,22,5,6,0,1,4,1,39,9,23,0.391,0,4,0.0,4,5,0.8,-3
437,26933,121,42300153,22,9,5,0,1,4,0,41,8,21,0.381,1,6,0.167,5,6,0.833,7
438,26934,121,42300152,20,5,3,0,2,2,4,40,9,24,0.375,0,5,0.0,2,2,1.0,-2
439,26935,121,42300151,22,10,6,0,1,0,1,39,9,24,0.375,4,9,0.444,0,0,0.0,9
440,26936,124,42300233,13,5,2,2,0,0,2,33,5,7,0.714,3,4,0.75,0,0,0.0,18
441,26937,124,42300232,20,2,4,1,0,1,2,33,8,14,0.571,3,5,0.6,1,2,0.5,-33
442,26938,124,42300231,9,6,3,2,0,1,4,33,4,6,0.667,0,1,0.0,1,3,0.333,-23
443,26939,124,42300155,7,6,13,1,1,3,2,46,3,7,0.429,1,2,0.5,0,0,0.0,3
444,26940,124,42300154,7,4,3,1,0,2,1,42,3,7,0.429,0,2,0.0,1,2,0.5,-6
445,26941,124,42300153,29,3,15,1,0,2,0,41,12,18,0.667,0,1,0.0,5,6,0.833,3
446,26942,124,42300152,14,3,7,0,0,1,3,40,5,10,0.5,0,2,0.0,4,4,1.0,-4
447,26943,124,42300151,12,7,11,0,0,1,2,32,5,11,0.455,0,3,0.0,2,2,1.0,20
448,26944,215,42300126,28,4,2,0,0,3,1,35,7,16,0.438,4,12,0.333,10,10,1.0,-6
449,26945,215,42300123,28,8,1,3,0,2,2,45,6,20,0.3,4,12,0.333,12,12,1.0,1
450,26946,215,42300122,34,5,4,1,0,1,3,39,10,21,0.476,6,13,0.462,8,9,0.889,-24
451,26947,215,42300121,35,3,6,0,0,3,2,38,11,24,0.458,6,11,0.545,7,7,1.0,-6
452,26948,216,42300126,0,2,0,0,0,0,0,3,0,1,0.0,0,1,0.0,0,0,0.0,-2
453,26949,216,42300125,1,0,1,0,0,0,0,1,0,0,0.0,0,0,0.0,1,2,0.5,-1
454,26950,216,42300124,2,0,0,0,0,0,1,2,1,2,0.5,0,1,0.0,0,0,0.0,4
455,26951,216,42300122,0,0,0,0,0,1,0,4,0,1,0.0,0,0,0.0,0,0,0.0,2
456,26952,217,42300126,2,1,2,1,0,1,1,23,1,5,0.2,0,2,0.0,0,0,0.0,-19
457,26953,217,42300125,18,0,4,3,0,0,5,28,7,11,0.636,4,6,0.667,0,0,0.0,4
458,26954,217,42300124,20,2,3,0,0,0,1,34,8,12,0.667,4,7,0.571,0,0,0.0,-19
459,26955,217,42300123,0,1,0,0,0,0,1,7,0,2,0.0,0,2,0.0,0,0,0.0,-11
460,26956,217,42300122,4,0,2,0,0,2,0,10,2,4,0.5,0,1,0.0,0,0,0.0,-4
461,26957,217,42300121,9,0,4,0,0,0,1,29,3,7,0.429,3,7,0.429,0,0,0.0,11
462,26958,218,42300126,2,0,0,0,0,0,0,3,1,1,1.0,0,0,0.0,0,3,0.0,-2
463,26959,218,42300122,0,0,0,0,0,0,0,4,0,0,0.0,0,0,0.0,0,0,0.0,2
464,26960,219,42300126,20,2,15,0,0,2,2,36,8,17,0.471,1,1,1.0,3,7,0.429,-10
465,26961,219,42300125,29,1,10,1,0,1,1,39,14,24,0.583,1,3,0.333,0,0,0.0,30
466,26962,219,42300124,4,0,3,0,0,0,0,7,2,4,0.5,0,1,0.0,0,0,0.0,-1
467,26963,219,42300123,17,0,18,1,1,3,3,44,7,15,0.467,1,3,0.333,2,2,1.0,-1
468,26964,219,42300122,14,2,11,1,0,0,1,30,6,16,0.375,0,2,0.0,2,3,0.667,-5
469,26965,219,42300121,15,1,11,0,0,3,6,31,7,15,0.467,0,2,0.0,1,1,1.0,23
470,26966,220,42300126,20,1,5,0,0,2,3,31,7,12,0.583,0,2,0.0,6,9,0.667,-11
471,26967,220,42300125,12,0,3,0,2,2,2,31,5,10,0.5,0,3,0.0,2,2,1.0,6
472,26968,220,42300124,27,1,9,0,1,3,0,39,12,18,0.667,3,5,0.6,0,4,0.0,-7
473,26969,220,42300123,14,3,4,0,0,1,2,39,7,12,0.583,0,2,0.0,0,0,0.0,-10
474,26970,220,42300122,22,3,1,0,2,0,0,29,8,13,0.615,6,7,0.857,0,0,0.0,-8
475,26971,220,42300121,11,3,4,0,3,1,3,32,5,10,0.5,1,4,0.25,0,0,0.0,-5
476,26972,221,42300126,1,0,0,0,0,0,0,4,0,0,0.0,0,0,0.0,1,2,0.5,-10
477,26973,221,42300125,4,0,6,0,0,1,0,21,1,3,0.333,0,2,0.0,2,2,1.0,15
478,26974,221,42300124,6,2,3,0,0,0,0,13,3,5,0.6,0,0,0.0,0,0,0.0,-11
479,26975,222,42300126,0,0,0,0,0,0,1,5,0,0,0.0,0,0,0.0,0,0,0.0,-2
480,26976,222,42300125,0,0,0,0,0,0,0,5,0,1,0.0,0,1,0.0,0,0,0.0,-2
481,26977,222,42300124,8,1,3,0,0,0,3,21,3,7,0.429,2,6,0.333,0,0,0.0,-14
482,26978,222,42300123,4,0,3,0,0,0,2,14,1,1,1.0,0,0,0.0,2,2,1.0,10
483,26979,222,42300122,5,1,3,0,0,1,2,15,2,4,0.5,0,1,0.0,1,1,1.0,7
484,26980,222,42300121,0,0,0,0,0,0,1,5,0,3,0.0,0,3,0.0,0,0,0.0,-1
485,26981,223,42300126,6,5,2,0,0,0,1,40,3,11,0.273,0,3,0.0,0,0,0.0,-11
486,26982,223,42300125,13,12,4,2,1,2,3,36,4,7,0.571,1,2,0.5,4,5,0.8,36
487,26983,223,42300124,9,4,1,1,0,0,1,21,3,6,0.5,1,1,1.0,2,2,1.0,-8
488,26984,223,42300123,11,1,2,0,1,2,6,42,3,5,0.6,1,1,1.0,4,5,0.8,-8
489,26985,223,42300122,5,3,4,1,2,1,2,34,1,5,0.2,0,2,0.0,3,3,1.0,-27
490,26986,223,42300121,5,8,7,2,0,1,3,37,2,5,0.4,1,2,0.5,0,0,0.0,17
491,26987,224,42300126,14,3,8,2,0,3,5,38,6,15,0.4,1,4,0.25,1,1,1.0,-19
492,26988,224,42300125,29,5,12,0,0,2,4,40,9,20,0.45,4,7,0.571,7,9,0.778,13
493,26989,224,42300124,25,5,10,1,0,4,4,40,9,22,0.409,0,4,0.0,7,8,0.875,-6
494,26990,224,42300123,42,5,10,0,0,3,5,41,16,29,0.552,4,9,0.444,6,6,1.0,2
495,26991,224,42300122,15,6,5,0,0,1,2,36,6,14,0.429,1,3,0.333,2,2,1.0,-10
496,26992,224,42300121,23,4,10,0,1,1,5,35,9,14,0.643,1,4,0.25,4,4,1.0,25
497,26993,226,42300126,3,1,5,0,0,1,1,16,1,4,0.25,1,2,0.5,0,0,0.0,-13
498,26994,226,42300125,9,4,4,2,1,1,0,32,4,6,0.667,1,3,0.333,0,0,0.0,21
499,26995,226,42300124,4,3,3,0,0,0,2,22,2,6,0.333,0,2,0.0,0,0,0.0,-10
500,26996,226,42300123,0,2,2,1,0,0,1,13,0,1,0.0,0,1,0.0,0,0,0.0,-5
501,26997,226,42300122,5,2,7,0,0,0,2,19,2,3,0.667,0,1,0.0,1,1,1.0,-2
502,26998,226,42300121,6,1,2,3,0,1,0,22,2,5,0.4,1,2,0.5,1,1,1.0,9
503,26999,228,42300126,0,0,0,1,0,0,1,3,0,0,0.0,0,0,0.0,0,0,0.0,-2
504,27000,228,42300124,0,0,0,0,1,0,0,2,0,0,0.0,0,0,0.0,0,0,0.0,4
505,27001,229,42300126,2,0,1,0,0,0,2,5,1,1,1.0,0,0,0.0,0,0,0.0,-3
506,27002,229,42300125,0,1,0,0,0,1,0,7,0,2,0.0,0,2,0.0,0,0,0.0,-7
507,27003,229,42300124,6,7,6,3,1,2,4,25,2,4,0.5,2,4,0.5,0,0,0.0,9
508,27004,229,42300123,2,0,3,1,0,0,4,17,1,2,0.5,0,0,0.0,0,0,0.0,7
509,27005,229,42300122,2,2,1,1,0,0,0,5,1,2,0.5,0,0,0.0,0,0,0.0,5
510,27006,231,42300124,2,1,1,0,1,0,2,13,1,4,0.25,0,2,0.0,0,0,0.0,-6
511,27007,231,42300123,0,0,0,0,0,0,0,2,0,1,0.0,0,1,0.0,0,0,0.0,0
512,27008,231,42300122,2,0,2,0,0,0,1,15,0,3,0.0,0,2,0.0,2,2,1.0,-21
513,27009,231,42300121,5,1,3,0,1,0,1,12,2,4,0.5,1,2,0.5,0,0,0.0,2
514,27010,233,42300233,3,1,0,2,0,0,0,13,1,3,0.333,0,0,0.0,1,2,0.5,-16
515,27011,233,42300232,6,8,9,2,1,2,1,26,3,8,0.375,0,1,0.0,0,0,0.0,13
516,27012,233,42300231,2,1,2,0,0,1,4,12,1,1,1.0,0,0,0.0,0,0,0.0,-9
517,27013,233,42300164,4,2,7,0,0,0,2,17,2,5,0.4,0,0,0.0,0,0,0.0,-3
518,27014,233,42300163,2,2,3,0,0,1,1,8,1,1,1.0,0,0,0.0,0,0,0.0,-5
519,27015,233,42300161,2,0,0,0,0,0,2,5,1,2,0.5,0,0,0.0,0,0,0.0,2
520,27016,234,42300233,10,0,3,1,2,1,4,22,4,6,0.667,0,2,0.0,2,4,0.5,-18
521,27017,234,42300232,5,3,2,2,1,1,5,26,2,7,0.286,0,1,0.0,1,2,0.5,26
522,27018,234,42300231,0,1,8,0,1,1,1,39,0,7,0.0,0,2,0.0,0,0,0.0,14
523,27019,234,42300164,18,0,3,1,1,1,5,34,6,12,0.5,1,4,0.25,5,5,1.0,-1
524,27020,234,42300163,5,1,4,1,0,0,5,30,1,4,0.25,0,1,0.0,3,4,0.75,8
525,27021,234,42300162,25,3,8,1,0,1,3,41,10,17,0.588,2,4,0.5,3,4,0.75,24
526,27022,234,42300161,9,0,6,0,2,2,2,38,3,7,0.429,0,2,0.0,3,3,1.0,18
527,27023,235,42300233,19,5,6,0,1,5,3,37,8,15,0.533,3,8,0.375,0,0,0.0,-32
528,27024,235,42300232,27,7,2,2,0,4,2,37,11,17,0.647,1,4,0.25,4,7,0.571,18
529,27025,235,42300231,43,3,7,1,2,1,1,42,17,29,0.586,3,7,0.429,6,6,1.0,10
530,27026,235,42300164,40,6,9,1,2,2,2,41,13,23,0.565,7,13,0.538,7,10,0.7,7
531,27027,235,42300163,36,5,9,2,0,5,1,43,12,23,0.522,1,5,0.2,11,11,1.0,19
532,27028,235,42300162,15,8,5,3,1,3,4,38,3,12,0.25,2,6,0.333,7,8,0.875,15
533,27029,235,42300161,33,6,9,2,0,6,4,36,14,24,0.583,4,8,0.5,1,2,0.5,19
534,27030,236,42300233,0,1,0,0,0,0,0,8,0,3,0.0,0,3,0.0,0,2,0.0,9
535,27031,236,42300232,0,1,0,0,0,0,1,3,0,0,0.0,0,0,0.0,0,0,0.0,3
536,27032,236,42300162,0,0,0,0,0,0,0,2,0,1,0.0,0,1,0.0,0,0,0.0,-5
537,27033,236,42300161,2,0,1,0,0,1,0,3,1,1,1.0,0,0,0.0,0,0,0.0,5
538,27034,237,42300232,2,0,1,0,0,0,1,3,1,1,1.0,0,0,0.0,0,0,0.0,3
539,27035,237,42300163,0,0,0,0,0,0,0,0,0,0,0.0,0,0,0.0,0,0,0.0,0
540,27036,237,42300162,0,0,0,0,0,0,1,2,0,1,0.0,0,1,0.0,0,0,0.0,-5
541,27037,237,42300161,0,0,0,0,0,0,0,3,0,0,0.0,0,0,0.0,0,0,0.0,3
542,27038,238,42300233,3,2,2,0,0,0,0,6,1,3,0.333,1,2,0.5,0,0,0.0,7
543,27039,238,42300232,3,0,0,0,0,0,0,3,1,1,1.0,1,1,1.0,0,0,0.0,3
544,27040,238,42300163,0,0,0,0,0,0,0,0,0,0,0.0,0,0,0.0,0,0,0.0,0
545,27041,239,42300233,6,2,0,0,0,2,2,26,2,5,0.4,0,3,0.0,2,2,1.0,-24
546,27042,239,42300232,14,1,6,0,3,1,1,30,5,9,0.556,4,7,0.571,0,0,0.0,11
547,27043,239,42300231,5,0,0,0,0,3,2,23,2,6,0.333,1,5,0.2,0,0,0.0,-16
548,27044,239,42300164,5,4,3,2,0,0,3,31,2,9,0.222,0,5,0.0,1,1,1.0,-5
549,27045,239,42300163,16,5,2,0,0,1,5,33,4,10,0.4,4,10,0.4,4,4,1.0,23
550,27046,239,42300162,10,5,2,1,0,1,2,31,4,10,0.4,1,4,0.25,1,1,1.0,14
551,27047,239,42300161,18,2,4,4,0,1,2,29,7,12,0.583,4,9,0.444,0,0,0.0,28
552,27048,240,42300233,10,6,6,1,0,3,1,30,3,9,0.333,1,5,0.2,3,3,1.0,-15
553,27049,240,42300232,4,6,3,2,1,0,3,32,2,5,0.4,0,2,0.0,0,1,0.0,20
554,27050,240,42300231,14,10,4,1,0,4,3,31,5,8,0.625,3,4,0.75,1,1,1.0,20
555,27051,240,42300164,10,7,4,1,0,2,2,34,2,10,0.2,2,6,0.333,4,5,0.8,16
556,27052,240,42300163,15,7,4,1,0,3,5,34,6,11,0.545,3,7,0.429,0,0,0.0,17
557,27053,240,42300162,18,4,4,2,0,2,0,32,7,13,0.538,3,6,0.5,1,1,1.0,13
558,27054,240,42300161,4,7,3,0,0,1,5,27,2,12,0.167,0,3,0.0,0,0,0.0,-8
559,27055,241,42300233,7,1,1,1,0,0,2,21,2,7,0.286,1,3,0.333,2,2,1.0,-25
560,27056,241,42300232,14,0,5,1,4,2,1,29,5,14,0.357,4,8,0.5,0,0,0.0,9
561,27057,241,42300231,16,3,4,1,0,3,0,23,7,11,0.636,2,4,0.5,0,1,0.0,-7
562,27058,241,42300164,8,0,3,0,1,0,4,20,2,4,0.5,1,2,0.5,3,4,0.75,3
563,27059,241,42300163,13,2,1,0,0,0,2,18,5,10,0.5,2,5,0.4,1,2,0.5,7
564,27060,241,42300162,5,0,2,0,0,1,2,17,1,5,0.2,0,3,0.0,3,4,0.75,0
565,27061,241,42300161,12,2,2,1,0,0,1,19,4,10,0.4,2,6,0.333,2,2,1.0,22
566,27062,243,42300233,4,0,1,0,0,0,2,6,1,4,0.25,0,1,0.0,2,2,1.0,7
567,27063,243,42300232,2,0,0,1,0,0,1,8,1,4,0.25,0,3,0.0,0,0,0.0,-3
568,27064,243,42300231,0,0,0,0,0,0,0,3,0,1,0.0,0,1,0.0,0,0,0.0,5
569,27065,243,42300163,2,1,0,0,1,0,0,9,1,4,0.25,0,1,0.0,0,0,0.0,-4
570,27066,243,42300162,2,0,0,0,0,0,3,11,1,4,0.25,0,3,0.0,0,0,0.0,-14
571,27067,243,42300161,2,3,3,0,0,0,0,10,1,3,0.333,0,1,0.0,0,0,0.0,9
572,27068,244,42300233,0,1,2,0,0,0,0,6,0,2,0.0,0,1,0.0,0,0,0.0,7
573,27069,244,42300162,0,0,1,0,0,0,0,2,0,0,0.0,0,0,0.0,0,0,0.0,-5
574,27070,244,42300161,0,0,0,0,0,0,0,3,0,0,0.0,0,0,0.0,0,0,0.0,5
575,27071,245,42300233,6,1,4,0,0,0,4,27,3,5,0.6,0,0,0.0,0,2,0.0,-10
576,27072,245,42300231,6,3,13,1,3,0,4,35,3,6,0.5,0,0,0.0,0,0,0.0,12
577,27073,245,42300164,9,1,5,1,2,4,4,25,3,9,0.333,0,0,0.0,3,3,1.0,10
578,27074,245,42300163,19,1,14,1,0,2,2,38,6,8,0.75,0,0,0.0,7,8,0.875,21
579,27075,245,42300162,18,2,9,3,1,1,2,39,6,8,0.75,0,0,0.0,6,7,0.857,12
580,27076,245,42300161,14,2,16,0,0,1,4,37,4,6,0.667,0,0,0.0,6,7,0.857,19
581,27077,246,42300233,14,3,5,0,0,3,2,33,4,7,0.571,4,5,0.8,2,2,1.0,-32
582,27078,246,42300232,27,1,12,1,2,2,4,36,10,15,0.667,3,5,0.6,4,4,1.0,21
583,27079,246,42300231,20,3,4,0,0,1,5,31,8,13,0.615,2,4,0.5,2,4,0.5,6
584,27080,246,42300164,28,3,10,0,0,0,5,39,11,17,0.647,4,6,0.667,2,3,0.667,3
585,27081,246,42300163,18,2,13,0,0,1,4,24,7,16,0.438,3,5,0.6,1,2,0.5,-1
586,27082,246,42300162,12,1,8,1,0,4,4,24,3,7,0.429,1,4,0.25,5,5,1.0,16
587,27083,246,42300161,19,4,7,1,0,2,4,27,5,9,0.556,1,2,0.5,8,8,1.0,-2
588,27084,247,42300232,0,0,2,0,0,0,0,3,0,1,0.0,0,1,0.0,0,0,0.0,3
589,27085,247,42300163,0,0,0,0,0,0,0,0,0,0,0.0,0,0,0.0,0,0,0.0,0
590,27086,248,42300233,8,0,2,0,0,0,0,6,2,2,1.0,0,0,0.0,4,4,1.0,7
591,27087,248,42300232,2,1,0,0,0,0,0,3,1,2,0.5,0,0,0.0,0,0,0.0,3
592,27088,248,42300163,0,0,0,0,0,0,0,0,0,0,0.0,0,0,0.0,0,0,0.0,0
593,27089,248,42300162,0,0,0,0,0,0,0,2,0,0,0.0,0,0,0.0,0,0,0.0,-5
594,27090,248,42300161,5,0,1,0,0,0,0,3,2,2,1.0,1,1,1.0,0,0,0.0,5
595,27091,267,42300213,35,2,3,1,1,1,2,44,12,26,0.462,7,11,0.636,4,4,1.0,-10
596,27092,267,42300212,28,4,6,1,0,1,1,44,10,20,0.5,6,12,0.5,2,2,1.0,15
597,27093,267,42300211,25,1,3,0,2,2,5,44,10,17,0.588,5,9,0.556,0,0,0.0,10
598,27094,267,42300116,23,7,4,2,3,1,1,48,8,18,0.444,5,9,0.556,2,2,1.0,3
599,27095,267,42300115,9,1,4,0,2,0,3,26,3,10,0.3,1,7,0.143,2,2,1.0,3
600,27096,267,42300114,8,0,2,0,0,0,1,28,3,11,0.273,2,7,0.286,0,0,0.0,-7
601,27097,267,42300113,5,3,4,1,0,1,2,28,2,7,0.286,0,3,0.0,1,2,0.5,0
602,27098,267,42300112,19,3,4,2,0,1,4,37,5,10,0.5,4,8,0.5,5,5,1.0,11
603,27099,267,42300111,8,2,2,1,1,2,0,24,3,10,0.3,2,5,0.4,0,0,0.0,-23
604,27100,270,42300213,10,1,2,1,0,0,2,29,3,8,0.375,2,5,0.4,2,2,1.0,11
605,27101,270,42300212,4,1,0,0,0,0,2,20,1,4,0.25,0,2,0.0,2,2,1.0,-22
606,27102,270,42300211,0,1,0,0,0,0,1,11,0,2,0.0,0,1,0.0,0,0,0.0,-13
607,27103,270,42300116,3,0,0,0,0,0,2,9,1,4,0.25,1,4,0.25,0,0,0.0,-17
608,27104,270,42300115,14,4,4,1,1,1,2,33,6,11,0.545,2,7,0.286,0,0,0.0,-1
609,27105,270,42300114,13,0,4,0,0,1,2,27,4,7,0.571,3,5,0.6,2,3,0.667,8
610,27106,270,42300113,8,1,2,1,0,1,3,22,3,7,0.429,2,4,0.5,0,0,0.0,-8
611,27107,270,42300112,9,2,1,1,0,0,2,21,4,11,0.364,0,3,0.0,1,1,1.0,-8
612,27108,270,42300111,21,4,3,1,0,0,3,28,7,12,0.583,5,7,0.714,2,2,1.0,37
613,27109,271,42300213,10,4,18,2,0,4,5,43,4,7,0.571,1,1,1.0,1,2,0.5,-8
614,27110,271,42300212,19,7,15,1,1,5,3,48,8,12,0.667,1,3,0.333,2,2,1.0,9
615,27111,271,42300211,24,8,13,3,1,5,3,48,9,13,0.692,1,1,1.0,5,8,0.625,4
616,27112,271,42300116,16,7,14,0,0,2,2,46,5,11,0.455,3,5,0.6,3,3,1.0,7
617,27113,271,42300115,18,4,9,0,1,2,2,53,7,17,0.412,1,6,0.167,3,5,0.6,-6
618,27114,271,42300114,4,5,17,0,3,5,5,46,0,7,0.0,0,3,0.0,4,8,0.5,2
619,27115,271,42300113,20,6,6,1,0,0,4,43,8,16,0.5,4,8,0.5,0,0,0.0,-13
620,27116,271,42300112,21,3,15,2,2,2,2,48,7,16,0.438,4,7,0.571,3,4,0.75,3
621,27117,271,42300111,22,2,13,1,0,2,4,42,5,12,0.417,4,8,0.5,8,10,0.8,-5
622,27118,273,42300213,5,0,6,0,3,2,2,22,2,3,0.667,0,0,0.0,1,2,0.5,-6
623,27119,273,42300212,8,0,5,0,0,0,4,28,4,5,0.8,0,0,0.0,0,0,0.0,-14
624,27120,273,42300211,1,0,1,0,0,0,0,4,0,0,0.0,0,0,0.0,1,2,0.5,-6
625,27121,273,42300114,1,2,7,0,4,1,1,20,0,5,0.0,0,0,0.0,1,2,0.5,11
626,27122,273,42300113,4,0,0,0,1,1,3,10,2,2,1.0,0,0,0.0,0,0,0.0,6
627,27123,274,42300212,28,3,4,0,1,0,1,28,10,19,0.526,4,7,0.571,4,6,0.667,10
628,27124,274,42300211,13,4,9,2,0,2,1,42,5,14,0.357,3,7,0.429,0,0,0.0,12
629,27125,274,42300116,19,0,9,2,2,1,3,45,8,17,0.471,2,5,0.4,1,3,0.333,8
630,27126,274,42300115,17,0,6,2,1,4,3,50,7,12,0.583,2,5,0.4,1,2,0.5,-10
631,27127,274,42300114,16,0,14,0,3,1,3,47,8,16,0.5,0,4,0.0,0,0,0.0,3
632,27128,274,42300113,17,2,4,1,1,1,2,39,7,11,0.636,3,4,0.75,0,0,0.0,-10
633,27129,274,42300112,10,1,4,0,1,0,0,37,4,10,0.4,0,3,0.0,2,2,1.0,1
634,27130,274,42300111,11,0,4,1,0,1,2,31,5,10,0.5,1,3,0.333,0,0,0.0,-5
635,27131,276,42300213,26,6,0,1,0,5,2,38,10,26,0.385,2,6,0.333,4,7,0.571,-6
636,27132,276,42300212,29,5,2,3,0,2,2,32,11,18,0.611,3,6,0.5,4,6,0.667,26
637,27133,276,42300211,43,6,6,0,1,4,2,44,14,26,0.538,1,4,0.25,14,14,1.0,11
638,27134,276,42300116,41,12,3,0,0,2,2,44,13,27,0.481,3,8,0.375,12,16,0.75,9
639,27135,276,42300115,40,6,3,3,0,4,3,51,15,32,0.469,4,11,0.364,6,9,0.667,-9
640,27136,276,42300114,47,10,4,0,1,1,2,44,18,34,0.529,2,8,0.25,9,11,0.818,10
641,27137,276,42300113,39,13,2,0,0,4,3,45,13,27,0.481,3,7,0.429,10,12,0.833,-14
642,27138,276,42300112,24,6,8,0,0,1,3,38,8,29,0.276,1,6,0.167,7,9,0.778,3
643,27139,276,42300111,22,7,7,1,0,5,1,41,8,26,0.308,1,6,0.167,5,6,0.833,-3
644,27140,278,42300213,14,1,4,1,1,0,2,21,4,6,0.667,2,4,0.5,4,5,0.8,-3
645,27141,278,42300212,0,0,0,0,0,0,0,1,0,1,0.0,0,0,0.0,0,0,0.0,0
646,27142,280,42300211,2,1,2,0,0,0,3,12,1,1,1.0,0,0,0.0,0,0,0.0,-8
647,27143,280,42300116,2,0,9,2,1,0,2,18,1,3,0.333,0,0,0.0,0,0,0.0,7
648,27144,280,42300115,2,0,7,3,2,1,3,25,1,2,0.5,0,0,0.0,0,2,0.0,2
649,27145,280,42300113,2,0,7,0,0,0,3,12,1,3,0.333,0,0,0.0,0,2,0.0,7
650,27146,280,42300112,1,1,4,0,0,1,1,18,0,0,0.0,0,0,0.0,1,2,0.5,2
651,27147,280,42300111,8,1,12,1,4,1,3,30,3,5,0.6,0,0,0.0,2,2,1.0,20
652,27148,282,42300114,0,0,0,0,0,0,0,1,0,0,0.0,0,0,0.0,0,0,0.0,2
653,27149,282,42300113,5,1,3,0,1,1,0,13,1,5,0.2,1,3,0.333,2,3,0.667,1
654,27150,282,42300112,6,2,2,0,0,0,1,12,2,7,0.286,2,6,0.333,0,0,0.0,2
655,27151,282,42300111,13,1,7,0,0,0,2,25,4,12,0.333,3,6,0.5,2,4,0.5,27
656,27152,283,42300213,0,0,0,0,0,0,1,4,0,0,0.0,0,0,0.0,0,0,0.0,-1
657,27153,284,42300213,6,5,8,0,1,1,2,39,3,4,0.75,0,0,0.0,0,0,0.0,-2
658,27154,284,42300212,14,8,12,0,1,1,1,39,5,7,0.714,0,0,0.0,4,4,1.0,21
659,27155,284,42300211,13,4,6,0,0,1,4,36,5,9,0.556,1,1,1.0,2,2,1.0,10
660,27156,284,42300116,14,2,9,0,2,3,5,30,7,13,0.538,0,0,0.0,0,0,0.0,-2
661,27157,284,42300115,6,4,7,1,1,2,3,27,1,2,0.5,0,0,0.0,4,4,1.0,-9
662,27158,284,42300114,8,2,4,1,0,3,5,28,4,6,0.667,0,0,0.0,0,2,0.0,-4
663,27159,284,42300113,14,1,4,0,0,0,5,26,7,12,0.583,0,1,0.0,0,0,0.0,-24
664,27160,284,42300112,14,4,8,0,3,2,4,30,7,8,0.875,0,0,0.0,0,0,0.0,1
665,27161,284,42300111,6,3,7,0,2,0,3,18,1,4,0.25,0,0,0.0,4,4,1.0,-13
666,27162,303,42300213,35,7,4,2,1,2,1,38,14,26,0.538,6,16,0.375,1,1,1.0,16
667,27163,303,42300212,34,9,6,3,0,2,0,35,11,19,0.579,7,11,0.636,5,6,0.833,-17
668,27164,303,42300211,6,8,2,4,0,3,0,36,2,6,0.333,2,5,0.4,0,0,0.0,-12
669,27165,303,42300126,17,10,6,0,0,2,1,32,7,16,0.438,2,10,0.2,1,1,1.0,12
670,27166,303,42300125,16,6,4,0,0,2,1,34,6,14,0.429,4,10,0.4,0,0,0.0,-14
671,27167,303,42300124,24,4,4,1,0,3,0,32,8,16,0.5,5,12,0.417,3,3,1.0,13
672,27168,303,42300123,18,16,10,0,1,4,1,46,8,22,0.364,1,12,0.083,1,1,1.0,16
673,27169,303,42300122,12,12,4,1,1,2,4,37,4,10,0.4,3,7,0.429,1,2,0.5,17
674,27170,303,42300121,9,8,7,1,1,3,0,38,4,7,0.571,1,3,0.333,0,0,0.0,-3
675,27171,305,42300213,2,3,1,1,0,1,1,19,1,4,0.25,0,1,0.0,0,0,0.0,-17
676,27172,305,42300212,20,1,3,1,0,0,0,20,7,10,0.7,2,4,0.5,4,5,0.8,9
677,27173,305,42300211,12,3,6,0,1,0,2,19,5,7,0.714,2,3,0.667,0,0,0.0,4
678,27174,305,42300126,21,2,8,0,1,2,1,24,8,15,0.533,3,10,0.3,2,2,1.0,9
679,27175,305,42300125,12,4,6,0,0,1,1,23,3,7,0.429,2,5,0.4,4,4,1.0,-18
680,27176,305,42300124,13,0,2,0,0,0,2,17,6,9,0.667,1,2,0.5,0,0,0.0,-2
681,27177,305,42300123,15,0,6,0,0,1,3,17,6,11,0.545,2,6,0.333,1,2,0.5,-3
682,27178,305,42300122,9,0,8,1,0,0,2,21,4,11,0.364,1,5,0.2,0,1,0.0,3
683,27179,305,42300121,4,0,5,0,1,0,1,13,2,6,0.333,0,4,0.0,0,0,0.0,-9
684,27180,306,42300213,5,6,5,0,0,2,5,31,2,8,0.25,1,3,0.333,0,0,0.0,8
685,27181,306,42300212,15,4,0,0,0,1,5,27,7,9,0.778,1,3,0.333,0,0,0.0,-21
686,27182,306,42300211,11,4,2,0,0,0,5,29,4,10,0.4,1,2,0.5,2,2,1.0,-13
687,27183,306,42300126,14,4,5,2,1,1,2,37,6,9,0.667,1,3,0.333,1,1,1.0,11
688,27184,306,42300125,12,5,3,1,0,3,3,32,6,12,0.5,0,2,0.0,0,0,0.0,-5
689,27185,306,42300124,15,9,3,0,0,0,2,38,6,9,0.667,3,4,0.75,0,0,0.0,17
690,27186,306,42300123,16,4,5,0,0,1,5,40,6,10,0.6,3,6,0.5,1,2,0.5,4
691,27187,306,42300122,20,3,4,0,0,0,4,32,8,11,0.727,1,3,0.333,3,5,0.6,12
692,27188,306,42300121,6,3,0,0,0,0,3,30,2,6,0.333,1,2,0.5,1,1,1.0,-2
693,27189,307,42300126,0,1,0,0,0,0,0,3,0,0,0.0,0,0,0.0,0,0,0.0,2
694,27190,307,42300125,0,1,0,0,0,0,0,5,0,0,0.0,0,0,0.0,0,0,0.0,0
695,27191,307,42300124,0,0,0,0,0,0,0,2,0,0,0.0,0,0,0.0,0,0,0.0,-4
696,27192,307,42300122,0,0,1,0,1,1,0,2,0,0,0.0,0,0,0.0,0,0,0.0,1
697,27193,308,42300213,6,1,3,1,0,1,1,19,3,10,0.3,0,1,0.0,0,0,0.0,-19
698,27194,308,42300212,10,12,4,0,0,2,0,23,5,9,0.556,0,1,0.0,0,0,0.0,10
699,27195,308,42300211,18,3,1,3,0,1,2,22,9,16,0.563,0,1,0.0,0,0,0.0,10
700,27196,308,42300126,20,9,2,4,0,1,4,23,7,9,0.778,2,2,1.0,4,4,1.0,22
701,27197,308,42300125,6,3,3,0,0,2,1,16,3,10,0.3,0,2,0.0,0,0,0.0,-18
702,27198,308,42300124,8,8,4,0,0,0,1,18,4,11,0.364,0,3,0.0,0,0,0.0,-3
703,27199,308,42300123,7,2,1,0,1,0,2,16,3,6,0.5,1,2,0.5,0,0,0.0,-3
704,27200,308,42300122,6,4,2,0,0,1,0,17,2,6,0.333,0,0,0.0,2,2,1.0,5
705,27201,308,42300121,10,1,2,0,0,2,0,18,5,13,0.385,0,3,0.0,0,0,0.0,-13
706,27202,309,42300126,2,0,0,0,0,1,1,2,1,1,1.0,0,0,0.0,0,0,0.0,-1
707,27203,309,42300122,0,0,0,0,0,0,0,1,0,0,0.0,0,0,0.0,0,0,0.0,1
708,27204,311,42300126,0,0,0,0,0,0,0,2,0,0,0.0,0,0,0.0,0,0,0.0,-1
709,27205,311,42300125,3,0,1,0,0,0,0,5,1,2,0.5,1,2,0.5,0,0,0.0,-3
710,27206,311,42300124,3,0,0,0,0,0,0,3,1,2,0.5,1,2,0.5,0,0,0.0,4
711,27207,311,42300121,0,0,0,0,0,0,0,7,0,1,0.0,0,1,0.0,0,0,0.0,-17
712,27208,313,42300213,4,1,2,0,1,0,0,13,2,3,0.667,0,0,0.0,0,0,0.0,-19
713,27209,313,42300212,5,1,4,0,1,0,4,15,2,4,0.5,0,0,0.0,1,3,0.333,11
714,27210,313,42300211,8,1,5,0,3,0,0,13,4,6,0.667,0,0,0.0,0,1,0.0,5
715,27211,313,42300126,4,0,4,0,0,0,3,10,1,1,1.0,0,0,0.0,2,3,0.667,2
716,27212,313,42300125,4,0,4,0,0,0,2,9,1,2,0.5,0,0,0.0,2,2,1.0,-4
717,27213,313,42300124,0,0,2,1,0,0,0,2,0,3,0.0,0,0,0.0,0,0,0.0,-4
718,27214,313,42300121,0,0,0,0,0,0,1,2,0,0,0.0,0,0,0.0,0,0,0.0,-4
719,27215,314,42300213,10,1,6,1,0,0,3,38,3,6,0.5,2,3,0.667,2,2,1.0,20
720,27216,314,42300212,6,2,1,1,0,2,3,34,2,7,0.286,2,6,0.333,0,0,0.0,-19
721,27217,314,42300211,12,3,6,0,0,1,4,31,3,6,0.5,0,2,0.0,6,6,1.0,-16
722,27218,314,42300126,15,1,3,0,0,1,5,30,5,10,0.5,3,7,0.429,2,2,1.0,15
723,27219,314,42300125,7,1,2,1,3,1,5,27,3,9,0.333,1,5,0.2,0,0,0.0,-22
724,27220,314,42300124,13,1,3,0,2,1,4,38,3,6,0.5,3,5,0.6,4,4,1.0,13
725,27221,314,42300123,13,3,8,3,1,2,3,43,3,13,0.231,1,7,0.143,6,7,0.857,-7
726,27222,314,42300122,11,7,5,0,1,1,4,36,4,10,0.4,3,8,0.375,0,0,0.0,10
727,27223,314,42300121,7,3,4,0,1,1,2,37,2,9,0.222,1,7,0.143,2,2,1.0,0
728,27224,315,42300123,0,0,1,0,0,0,0,3,0,1,0.0,0,0,0.0,0,0,0.0,-6
729,27225,315,42300121,2,0,7,0,0,2,3,13,0,2,0.0,0,1,0.0,2,2,1.0,-13
730,27226,316,42300213,2,1,4,1,0,0,1,16,1,5,0.2,0,2,0.0,0,0,0.0,-3
731,27227,316,42300212,11,1,0,0,0,0,0,20,4,6,0.667,3,4,0.75,0,0,0.0,12
732,27228,316,42300211,8,2,2,0,0,0,1,18,3,5,0.6,2,4,0.5,0,0,0.0,13
733,27229,316,42300126,3,1,4,0,0,0,1,19,1,3,0.333,1,2,0.5,0,0,0.0,8
734,27230,316,42300125,7,0,4,1,0,1,2,24,2,4,0.5,2,4,0.5,1,2,0.5,-7
735,27231,316,42300124,8,0,2,1,0,3,2,14,2,2,1.0,2,2,1.0,2,2,1.0,-1
736,27232,316,42300123,6,2,1,0,0,0,1,17,2,4,0.5,1,3,0.333,1,1,1.0,3
737,27233,316,42300122,8,0,3,1,0,0,1,23,3,4,0.75,2,3,0.667,0,0,0.0,11
738,27234,316,42300121,3,1,4,0,0,2,2,9,1,5,0.2,1,4,0.25,0,0,0.0,-7
739,27235,318,42300213,21,1,10,0,3,1,3,35,7,13,0.538,2,5,0.4,5,6,0.833,24
740,27236,318,42300212,6,1,7,0,1,2,2,31,3,11,0.273,0,2,0.0,0,1,0.0,-21
741,27237,318,42300211,23,3,2,1,1,1,4,35,8,16,0.5,2,6,0.333,5,6,0.833,-7
742,27238,318,42300126,5,1,5,0,1,1,4,23,1,6,0.167,0,3,0.0,3,4,0.75,12
743,27239,318,42300125,13,3,5,0,0,1,0,31,6,9,0.667,1,4,0.25,0,0,0.0,-6
744,27240,318,42300124,29,4,9,0,3,0,5,38,10,17,0.588,7,9,0.778,2,6,0.333,17
745,27241,318,42300123,29,1,9,1,0,0,4,42,10,21,0.476,4,10,0.4,5,6,0.833,10
746,27242,318,42300122,22,6,7,0,3,0,0,34,9,15,0.6,3,6,0.5,1,1,1.0,19
747,27243,318,42300121,17,2,8,2,0,1,1,33,5,17,0.294,3,9,0.333,4,6,0.667,2
748,27244,319,42300213,26,1,7,0,1,3,5,31,9,14,0.643,1,1,1.0,7,9,0.778,15
749,27245,319,42300212,14,2,9,0,1,0,3,36,7,18,0.389,0,3,0.0,0,2,0.0,-9
750,27246,319,42300211,19,5,6,1,0,1,4,37,8,16,0.5,1,3,0.333,2,4,0.5,-4
751,27247,319,42300126,19,4,7,1,0,1,4,35,9,15,0.6,1,3,0.333,0,0,0.0,19
752,27248,319,42300125,12,2,4,0,0,1,3,34,5,12,0.417,1,4,0.25,1,5,0.2,-18
753,27249,319,42300124,13,7,9,2,1,0,2,40,6,14,0.429,0,4,0.0,1,3,0.333,15
754,27250,319,42300123,17,4,9,1,1,0,1,42,7,17,0.412,0,3,0.0,3,5,0.6,1
755,27251,319,42300122,37,6,11,0,0,0,3,37,16,23,0.696,3,4,0.75,2,3,0.667,6
756,27252,319,42300121,36,2,13,1,2,1,3,40,15,25,0.6,1,4,0.25,5,10,0.5,-9
